"Time_Iter","Outer_Iter","Inner_Iter",    "rms[Rho]"    ,    "rms[RhoU]"   ,    "rms[RhoV]"   ,    "rms[RhoE]"   ,     "rms[k]"     ,     "rms[w]"      
          0,           0,           0,      -2.300000000,       0.400000000,      -0.500000000,       2.300000000,       1.100000000,       7.400000000
          0,           0,           1,      -2.310993891,       0.389006109,      -0.510993891,       2.289006109,       1.089006109,       7.389006109
          0,           0,           2,      -2.321975574,       0.378024426,      -0.521975574,       2.278024426,       1.078024426,       7.378024426
          0,           0,           3,      -2.332945061,       0.367054939,      -0.532945061,       2.267054939,       1.067054939,       7.367054939
          0,           0,           4,      -2.343902367,       0.356097633,      -0.543902367,       2.256097633,       1.056097633,       7.356097633
          0,           0,           5,      -2.354847505,       0.345152495,      -0.554847505,       2.245152495,       1.045152495,       7.345152495
          0,           0,           6,      -2.365780488,       0.334219512,      -0.565780488,       2.234219512,       1.034219512,       7.334219512
          0,           0,           7,      -2.376701330,       0.323298670,      -0.576701330,       2.223298670,       1.023298670,       7.323298670
          0,           0,           8,      -2.387610045,       0.312389955,      -0.587610045,       2.212389955,       1.012389955,       7.312389955
          0,           0,           9,      -2.398506646,       0.301493354,      -0.598506646,       2.201493354,       1.001493354,       7.301493354
          0,           0,          10,      -2.409391146,       0.290608854,      -0.609391146,       2.190608854,       0.990608854,       7.290608854
          0,           0,          11,      -2.420263559,       0.279736441,      -0.620263559,       2.179736441,       0.979736441,       7.279736441
          0,           0,          12,      -2.431123898,       0.268876102,      -0.631123898,       2.168876102,       0.968876102,       7.268876102
          0,           0,          13,      -2.441972177,       0.258027823,      -0.641972177,       2.158027823,       0.958027823,       7.258027823
          0,           0,          14,      -2.452808409,       0.247191591,      -0.652808409,       2.147191591,       0.947191591,       7.247191591
          0,           0,          15,      -2.463632607,       0.236367393,      -0.663632607,       2.136367393,       0.936367393,       7.236367393
          0,           0,          16,      -2.474444785,       0.225555215,      -0.674444785,       2.125555215,       0.925555215,       7.225555215
          0,           0,          17,      -2.485244957,       0.214755043,      -0.685244957,       2.114755043,       0.914755043,       7.214755043
          0,           0,          18,      -2.496033134,       0.203966866,      -0.696033134,       2.103966866,       0.903966866,       7.203966866
          0,           0,          19,      -2.506809332,       0.193190668,      -0.706809332,       2.093190668,       0.893190668,       7.193190668
          0,           0,          20,      -2.517573562,       0.182426438,      -0.717573562,       2.082426438,       0.882426438,       7.182426438
          0,           0,          21,      -2.528325839,       0.171674161,      -0.728325839,       2.071674161,       0.871674161,       7.171674161
          0,           0,          22,      -2.539066176,       0.160933824,      -0.739066176,       2.060933824,       0.860933824,       7.160933824
          0,           0,          23,      -2.549794586,       0.150205414,      -0.749794586,       2.050205414,       0.850205414,       7.150205414
          0,           0,          24,      -2.560511081,       0.139488919,      -0.760511081,       2.039488919,       0.839488919,       7.139488919
          0,           0,          25,      -2.571215677,       0.128784323,      -0.771215677,       2.028784323,       0.828784323,       7.128784323
          0,           0,          26,      -2.581908384,       0.118091616,      -0.781908384,       2.018091616,       0.818091616,       7.118091616
          0,           0,          27,      -2.592589218,       0.107410782,      -0.792589218,       2.007410782,       0.807410782,       7.107410782
          0,           0,          28,      -2.603258190,       0.096741810,      -0.803258190,       1.996741810,       0.796741810,       7.096741810
          0,           0,          29,      -2.613915315,       0.086084685,      -0.813915315,       1.986084685,       0.786084685,       7.086084685
          0,           0,          30,      -2.624560605,       0.075439395,      -0.824560605,       1.975439395,       0.775439395,       7.075439395
          0,           0,          31,      -2.635194074,       0.064805926,      -0.835194074,       1.964805926,       0.764805926,       7.064805926
          0,           0,          32,      -2.645815734,       0.054184266,      -0.845815734,       1.954184266,       0.754184266,       7.054184266
          0,           0,          33,      -2.656425599,       0.043574401,      -0.856425599,       1.943574401,       0.743574401,       7.043574401
          0,           0,          34,      -2.667023681,       0.032976319,      -0.867023681,       1.932976319,       0.732976319,       7.032976319
          0,           0,          35,      -2.677609995,       0.022390005,      -0.877609995,       1.922390005,       0.722390005,       7.022390005
          0,           0,          36,      -2.688184552,       0.011815448,      -0.888184552,       1.911815448,       0.711815448,       7.011815448
          0,           0,          37,      -2.698747367,       0.001252633,      -0.898747367,       1.901252633,       0.701252633,       7.001252633
          0,           0,          38,      -2.709298451,      -0.009298451,      -0.909298451,       1.890701549,       0.690701549,       6.990701549
          0,           0,          39,      -2.719837819,      -0.019837819,      -0.919837819,       1.880162181,       0.680162181,       6.980162181
          0,           0,          40,      -2.730365483,      -0.030365483,      -0.930365483,       1.869634517,       0.669634517,       6.969634517
          0,           0,          41,      -2.740881456,      -0.040881456,      -0.940881456,       1.859118544,       0.659118544,       6.959118544
          0,           0,          42,      -2.751385751,      -0.051385751,      -0.951385751,       1.848614249,       0.648614249,       6.948614249
          0,           0,          43,      -2.761878381,      -0.061878381,      -0.961878381,       1.838121619,       0.638121619,       6.938121619
          0,           0,          44,      -2.772359359,      -0.072359359,      -0.972359359,       1.827640641,       0.627640641,       6.927640641
          0,           0,          45,      -2.782828697,      -0.082828697,      -0.982828697,       1.817171303,       0.617171303,       6.917171303
          0,           0,          46,      -2.793286410,      -0.093286410,      -0.993286410,       1.806713590,       0.606713590,       6.906713590
          0,           0,          47,      -2.803732510,      -0.103732510,      -1.003732510,       1.796267490,       0.596267490,       6.896267490
          0,           0,          48,      -2.814167009,      -0.114167009,      -1.014167009,       1.785832991,       0.585832991,       6.885832991
          0,           0,          49,      -2.824589921,      -0.124589921,      -1.024589921,       1.775410079,       0.575410079,       6.875410079
          0,           0,          50,      -2.835001258,      -0.135001258,      -1.035001258,       1.764998742,       0.564998742,       6.864998742
          0,           0,          51,      -2.845401033,      -0.145401033,      -1.045401033,       1.754598967,       0.554598967,       6.854598967
          0,           0,          52,      -2.855789260,      -0.155789260,      -1.055789260,       1.744210740,       0.544210740,       6.844210740
          0,           0,          53,      -2.866165950,      -0.166165950,      -1.066165950,       1.733834050,       0.533834050,       6.833834050
          0,           0,          54,      -2.876531118,      -0.176531118,      -1.076531118,       1.723468882,       0.523468882,       6.823468882
          0,           0,          55,      -2.886884774,      -0.186884774,      -1.086884774,       1.713115226,       0.513115226,       6.813115226
          0,           0,          56,      -2.897226933,      -0.197226933,      -1.097226933,       1.702773067,       0.502773067,       6.802773067
          0,           0,          57,      -2.907557608,      -0.207557608,      -1.107557608,       1.692442392,       0.492442392,       6.792442392
          0,           0,          58,      -2.917876810,      -0.217876810,      -1.117876810,       1.682123190,       0.482123190,       6.782123190
          0,           0,          59,      -2.928184552,      -0.228184552,      -1.128184552,       1.671815448,       0.471815448,       6.771815448
          0,           0,          60,      -2.938480848,      -0.238480848,      -1.138480848,       1.661519152,       0.461519152,       6.761519152
          0,           0,          61,      -2.948765710,      -0.248765710,      -1.148765710,       1.651234290,       0.451234290,       6.751234290
          0,           0,          62,      -2.959039151,      -0.259039151,      -1.159039151,       1.640960849,       0.440960849,       6.740960849
          0,           0,          63,      -2.969301183,      -0.269301183,      -1.169301183,       1.630698817,       0.430698817,       6.730698817
          0,           0,          64,      -2.979551819,      -0.279551819,      -1.179551819,       1.620448181,       0.420448181,       6.720448181
          0,           0,          65,      -2.989791072,      -0.289791072,      -1.189791072,       1.610208928,       0.410208928,       6.710208928
          0,           0,          66,      -3.000018954,      -0.300018954,      -1.200018954,       1.599981046,       0.399981046,       6.699981046
          0,           0,          67,      -3.010235479,      -0.310235479,      -1.210235479,       1.589764521,       0.389764521,       6.689764521
          0,           0,          68,      -3.020440657,      -0.320440657,      -1.220440657,       1.579559343,       0.379559343,       6.679559343
          0,           0,          69,      -3.030634503,      -0.330634503,      -1.230634503,       1.569365497,       0.369365497,       6.669365497
          0,           0,          70,      -3.040817029,      -0.340817029,      -1.240817029,       1.559182971,       0.359182971,       6.659182971
          0,           0,          71,      -3.050988248,      -0.350988248,      -1.250988248,       1.549011752,       0.349011752,       6.649011752
          0,           0,          72,      -3.061148171,      -0.361148171,      -1.261148171,       1.538851829,       0.338851829,       6.638851829
          0,           0,          73,      -3.071296811,      -0.371296811,      -1.271296811,       1.528703189,       0.328703189,       6.628703189
          0,           0,          74,      -3.081434182,      -0.381434182,      -1.281434182,       1.518565818,       0.318565818,       6.618565818
          0,           0,          75,      -3.091560295,      -0.391560295,      -1.291560295,       1.508439705,       0.308439705,       6.608439705
          0,           0,          76,      -3.101675163,      -0.401675163,      -1.301675163,       1.498324837,       0.298324837,       6.598324837
          0,           0,          77,      -3.111778799,      -0.411778799,      -1.311778799,       1.488221201,       0.288221201,       6.588221201
          0,           0,          78,      -3.121871215,      -0.421871215,      -1.321871215,       1.478128785,       0.278128785,       6.578128785
          0,           0,          79,      -3.131952423,      -0.431952423,      -1.331952423,       1.468047577,       0.268047577,       6.568047577
          0,           0,          80,      -3.142022436,      -0.442022436,      -1.342022436,       1.457977564,       0.257977564,       6.557977564
          0,           0,          81,      -3.152081266,      -0.452081266,      -1.352081266,       1.447918734,       0.247918734,       6.547918734
          0,           0,          82,      -3.162128926,      -0.462128926,      -1.362128926,       1.437871074,       0.237871074,       6.537871074
          0,           0,          83,      -3.172165428,      -0.472165428,      -1.372165428,       1.427834572,       0.227834572,       6.527834572
          0,           0,          84,      -3.182190785,      -0.482190785,      -1.382190785,       1.417809215,       0.217809215,       6.517809215
          0,           0,          85,      -3.192205008,      -0.492205008,      -1.392205008,       1.407794992,       0.207794992,       6.507794992
          0,           0,          86,      -3.202208111,      -0.502208111,      -1.402208111,       1.397791889,       0.197791889,       6.497791889
          0,           0,          87,      -3.212200105,      -0.512200105,      -1.412200105,       1.387799895,       0.187799895,       6.487799895
          0,           0,          88,      -3.222181004,      -0.522181004,      -1.422181004,       1.377818996,       0.177818996,       6.477818996
          0,           0,          89,      -3.232150818,      -0.532150818,      -1.432150818,       1.367849182,       0.167849182,       6.467849182
          0,           0,          90,      -3.242109561,      -0.542109561,      -1.442109561,       1.357890439,       0.157890439,       6.457890439
          0,           0,          91,      -3.252057246,      -0.552057246,      -1.452057246,       1.347942754,       0.147942754,       6.447942754
          0,           0,          92,      -3.261993883,      -0.561993883,      -1.461993883,       1.338006117,       0.138006117,       6.438006117
          0,           0,          93,      -3.271919485,      -0.571919485,      -1.471919485,       1.328080515,       0.128080515,       6.428080515
          0,           0,          94,      -3.281834066,      -0.581834066,      -1.481834066,       1.318165934,       0.118165934,       6.418165934
          0,           0,          95,      -3.291737636,      -0.591737636,      -1.491737636,       1.308262364,       0.108262364,       6.408262364
          0,           0,          96,      -3.301630208,      -0.601630208,      -1.501630208,       1.298369792,       0.098369792,       6.398369792
          0,           0,          97,      -3.311511795,      -0.611511795,      -1.511511795,       1.288488205,       0.088488205,       6.388488205
          0,           0,          98,      -3.321382409,      -0.621382409,      -1.521382409,       1.278617591,       0.078617591,       6.378617591
          0,           0,          99,      -3.331242061,      -0.631242061,      -1.531242061,       1.268757939,       0.068757939,       6.368757939
          0,           0,         100,      -3.341090764,      -0.641090764,      -1.541090764,       1.258909236,       0.058909236,       6.358909236
          0,           0,         101,      -3.350928530,      -0.650928530,      -1.550928530,       1.249071470,       0.049071470,       6.349071470
          0,           0,         102,      -3.360755371,      -0.660755371,      -1.560755371,       1.239244629,       0.039244629,       6.339244629
          0,           0,         103,      -3.370571299,      -0.670571299,      -1.570571299,       1.229428701,       0.029428701,       6.329428701
          0,           0,         104,      -3.380376328,      -0.680376328,      -1.580376328,       1.219623672,       0.019623672,       6.319623672
          0,           0,         105,      -3.390170467,      -0.690170467,      -1.590170467,       1.209829533,       0.009829533,       6.309829533
          0,           0,         106,      -3.399953731,      -0.699953731,      -1.599953731,       1.200046269,       0.000046269,       6.300046269
          0,           0,         107,      -3.409726130,      -0.709726130,      -1.609726130,       1.190273870,      -0.009726130,       6.290273870
          0,           0,         108,      -3.419487677,      -0.719487677,      -1.619487677,       1.180512323,      -0.019487677,       6.280512323
          0,           0,         109,      -3.429238383,      -0.729238383,      -1.629238383,       1.170761617,      -0.029238383,       6.270761617
          0,           0,         110,      -3.438978262,      -0.738978262,      -1.638978262,       1.161021738,      -0.038978262,       6.261021738
          0,           0,         111,      -3.448707324,      -0.748707324,      -1.648707324,       1.151292676,      -0.048707324,       6.251292676
          0,           0,         112,      -3.458425583,      -0.758425583,      -1.658425583,       1.141574417,      -0.058425583,       6.241574417
          0,           0,         113,      -3.468133049,      -0.768133049,      -1.668133049,       1.131866951,      -0.068133049,       6.231866951
          0,           0,         114,      -3.477829736,      -0.777829736,      -1.677829736,       1.122170264,      -0.077829736,       6.222170264
          0,           0,         115,      -3.487515654,      -0.787515654,      -1.687515654,       1.112484346,      -0.087515654,       6.212484346
          0,           0,         116,      -3.497190816,      -0.797190816,      -1.697190816,       1.102809184,      -0.097190816,       6.202809184
          0,           0,         117,      -3.506855234,      -0.806855234,      -1.706855234,       1.093144766,      -0.106855234,       6.193144766
          0,           0,         118,      -3.516508919,      -0.816508919,      -1.716508919,       1.083491081,      -0.116508919,       6.183491081
          0,           0,         119,      -3.526151885,      -0.826151885,      -1.726151885,       1.073848115,      -0.126151885,       6.173848115
          0,           0,         120,      -3.535784141,      -0.835784141,      -1.735784141,       1.064215859,      -0.135784141,       6.164215859
          0,           0,         121,      -3.545405702,      -0.845405702,      -1.745405702,       1.054594298,      -0.145405702,       6.154594298
          0,           0,         122,      -3.555016577,      -0.855016577,      -1.755016577,       1.044983423,      -0.155016577,       6.144983423
          0,           0,         123,      -3.564616780,      -0.864616780,      -1.764616780,       1.035383220,      -0.164616780,       6.135383220
          0,           0,         124,      -3.574206322,      -0.874206322,      -1.774206322,       1.025793678,      -0.174206322,       6.125793678
          0,           0,         125,      -3.583785214,      -0.883785214,      -1.783785214,       1.016214786,      -0.183785214,       6.116214786
          0,           0,         126,      -3.593353470,      -0.893353470,      -1.793353470,       1.006646530,      -0.193353470,       6.106646530
          0,           0,         127,      -3.602911099,      -0.902911099,      -1.802911099,       0.997088901,      -0.202911099,       6.097088901
          0,           0,         128,      -3.612458115,      -0.912458115,      -1.812458115,       0.987541885,      -0.212458115,       6.087541885
          0,           0,         129,      -3.621994530,      -0.921994530,      -1.821994530,       0.978005470,      -0.221994530,       6.078005470
          0,           0,         130,      -3.631520354,      -0.931520354,      -1.831520354,       0.968479646,      -0.231520354,       6.068479646
          0,           0,         131,      -3.641035599,      -0.941035599,      -1.841035599,       0.958964401,      -0.241035599,       6.058964401
          0,           0,         132,      -3.650540279,      -0.950540279,      -1.850540279,       0.949459721,      -0.250540279,       6.049459721
          0,           0,         133,      -3.660034403,      -0.960034403,      -1.860034403,       0.939965597,      -0.260034403,       6.039965597
          0,           0,         134,      -3.669517984,      -0.969517984,      -1.869517984,       0.930482016,      -0.269517984,       6.030482016
          0,           0,         135,      -3.678991033,      -0.978991033,      -1.878991033,       0.921008967,      -0.278991033,       6.021008967
          0,           0,         136,      -3.688453563,      -0.988453563,      -1.888453563,       0.911546437,      -0.288453563,       6.011546437
          0,           0,         137,      -3.697905585,      -0.997905585,      -1.897905585,       0.902094415,      -0.297905585,       6.002094415
          0,           0,         138,      -3.707347110,      -1.007347110,      -1.907347110,       0.892652890,      -0.307347110,       5.992652890
          0,           0,         139,      -3.716778151,      -1.016778151,      -1.916778151,       0.883221849,      -0.316778151,       5.983221849
          0,           0,         140,      -3.726198718,      -1.026198718,      -1.926198718,       0.873801282,      -0.326198718,       5.973801282
          0,           0,         141,      -3.735608824,      -1.035608824,      -1.935608824,       0.864391176,      -0.335608824,       5.964391176
          0,           0,         142,      -3.745008480,      -1.045008480,      -1.945008480,       0.854991520,      -0.345008480,       5.954991520
          0,           0,         143,      -3.754397698,      -1.054397698,      -1.954397698,       0.845602302,      -0.354397698,       5.945602302
          0,           0,         144,      -3.763776489,      -1.063776489,      -1.963776489,       0.836223511,      -0.363776489,       5.936223511
          0,           0,         145,      -3.773144865,      -1.073144865,      -1.973144865,       0.826855135,      -0.373144865,       5.926855135
          0,           0,         146,      -3.782502838,      -1.082502838,      -1.982502838,       0.817497162,      -0.382502838,       5.917497162
          0,           0,         147,      -3.791850418,      -1.091850418,      -1.991850418,       0.808149582,      -0.391850418,       5.908149582
          0,           0,         148,      -3.801187619,      -1.101187619,      -2.001187619,       0.798812381,      -0.401187619,       5.898812381
          0,           0,         149,      -3.810514450,      -1.110514450,      -2.010514450,       0.789485550,      -0.410514450,       5.889485550
          0,           0,         150,      -3.819830924,      -1.119830924,      -2.019830924,       0.780169076,      -0.419830924,       5.880169076
          0,           0,         151,      -3.829137052,      -1.129137052,      -2.029137052,       0.770862948,      -0.429137052,       5.870862948
          0,           0,         152,      -3.838432845,      -1.138432845,      -2.038432845,       0.761567155,      -0.438432845,       5.861567155
          0,           0,         153,      -3.847718316,      -1.147718316,      -2.047718316,       0.752281684,      -0.447718316,       5.852281684
          0,           0,         154,      -3.856993475,      -1.156993475,      -2.056993475,       0.743006525,      -0.456993475,       5.843006525
          0,           0,         155,      -3.866258334,      -1.166258334,      -2.066258334,       0.733741666,      -0.466258334,       5.833741666
          0,           0,         156,      -3.875512905,      -1.175512905,      -2.075512905,       0.724487095,      -0.475512905,       5.824487095
          0,           0,         157,      -3.884757198,      -1.184757198,      -2.084757198,       0.715242802,      -0.484757198,       5.815242802
          0,           0,         158,      -3.893991226,      -1.193991226,      -2.093991226,       0.706008774,      -0.493991226,       5.806008774
          0,           0,         159,      -3.903214999,      -1.203214999,      -2.103214999,       0.696785001,      -0.503214999,       5.796785001
          0,           0,         160,      -3.912428530,      -1.212428530,      -2.112428530,       0.687571470,      -0.512428530,       5.787571470
          0,           0,         161,      -3.921631828,      -1.221631828,      -2.121631828,       0.678368172,      -0.521631828,       5.778368172
          0,           0,         162,      -3.930824907,      -1.230824907,      -2.130824907,       0.669175093,      -0.530824907,       5.769175093
          0,           0,         163,      -3.940007777,      -1.240007777,      -2.140007777,       0.659992223,      -0.540007777,       5.759992223
          0,           0,         164,      -3.949180449,      -1.249180449,      -2.149180449,       0.650819551,      -0.549180449,       5.750819551
          0,           0,         165,      -3.958342935,      -1.258342935,      -2.158342935,       0.641657065,      -0.558342935,       5.741657065
          0,           0,         166,      -3.967495246,      -1.267495246,      -2.167495246,       0.632504754,      -0.567495246,       5.732504754
          0,           0,         167,      -3.976637394,      -1.276637394,      -2.176637394,       0.623362606,      -0.576637394,       5.723362606
          0,           0,         168,      -3.985769389,      -1.285769389,      -2.185769389,       0.614230611,      -0.585769389,       5.714230611
          0,           0,         169,      -3.994891243,      -1.294891243,      -2.194891243,       0.605108757,      -0.594891243,       5.705108757
          0,           0,         170,      -4.004002968,      -1.304002968,      -2.204002968,       0.595997032,      -0.604002968,       5.695997032
          0,           0,         171,      -4.013104574,      -1.313104574,      -2.213104574,       0.586895426,      -0.613104574,       5.686895426
          0,           0,         172,      -4.022196073,      -1.322196073,      -2.222196073,       0.577803927,      -0.622196073,       5.677803927
          0,           0,         173,      -4.031277475,      -1.331277475,      -2.231277475,       0.568722525,      -0.631277475,       5.668722525
          0,           0,         174,      -4.040348793,      -1.340348793,      -2.240348793,       0.559651207,      -0.640348793,       5.659651207
          0,           0,         175,      -4.049410037,      -1.349410037,      -2.249410037,       0.550589963,      -0.649410037,       5.650589963
          0,           0,         176,      -4.058461219,      -1.358461219,      -2.258461219,       0.541538781,      -0.658461219,       5.641538781
          0,           0,         177,      -4.067502349,      -1.367502349,      -2.267502349,       0.532497651,      -0.667502349,       5.632497651
          0,           0,         178,      -4.076533440,      -1.376533440,      -2.276533440,       0.523466560,      -0.676533440,       5.623466560
          0,           0,         179,      -4.085554501,      -1.385554501,      -2.285554501,       0.514445499,      -0.685554501,       5.614445499
          0,           0,         180,      -4.094565545,      -1.394565545,      -2.294565545,       0.505434455,      -0.694565545,       5.605434455
          0,           0,         181,      -4.103566581,      -1.403566581,      -2.303566581,       0.496433419,      -0.703566581,       5.596433419
          0,           0,         182,      -4.112557622,      -1.412557622,      -2.312557622,       0.487442378,      -0.712557622,       5.587442378
          0,           0,         183,      -4.121538679,      -1.421538679,      -2.321538679,       0.478461321,      -0.721538679,       5.578461321
          0,           0,         184,      -4.130509762,      -1.430509762,      -2.330509762,       0.469490238,      -0.730509762,       5.569490238
          0,           0,         185,      -4.139470883,      -1.439470883,      -2.339470883,       0.460529117,      -0.739470883,       5.560529117
          0,           0,         186,      -4.148422053,      -1.448422053,      -2.348422053,       0.451577947,      -0.748422053,       5.551577947
          0,           0,         187,      -4.157363283,      -1.457363283,      -2.357363283,       0.442636717,      -0.757363283,       5.542636717
          0,           0,         188,      -4.166294583,      -1.466294583,      -2.366294583,       0.433705417,      -0.766294583,       5.533705417
          0,           0,         189,      -4.175215965,      -1.475215965,      -2.375215965,       0.424784035,      -0.775215965,       5.524784035
          0,           0,         190,      -4.184127440,      -1.484127440,      -2.384127440,       0.415872560,      -0.784127440,       5.515872560
          0,           0,         191,      -4.193029019,      -1.493029019,      -2.393029019,       0.406970981,      -0.793029019,       5.506970981
          0,           0,         192,      -4.201920712,      -1.501920712,      -2.401920712,       0.398079288,      -0.801920712,       5.498079288
          0,           0,         193,      -4.210802532,      -1.510802532,      -2.410802532,       0.389197468,      -0.810802532,       5.489197468
          0,           0,         194,      -4.219674488,      -1.519674488,      -2.419674488,       0.380325512,      -0.819674488,       5.480325512
          0,           0,         195,      -4.228536592,      -1.528536592,      -2.428536592,       0.371463408,      -0.828536592,       5.471463408
          0,           0,         196,      -4.237388855,      -1.537388855,      -2.437388855,       0.362611145,      -0.837388855,       5.462611145
          0,           0,         197,      -4.246231287,      -1.546231287,      -2.446231287,       0.353768713,      -0.846231287,       5.453768713
          0,           0,         198,      -4.255063900,      -1.555063900,      -2.455063900,       0.344936100,      -0.855063900,       5.444936100
          0,           0,         199,      -4.263886704,      -1.563886704,      -2.463886704,       0.336113296,      -0.863886704,       5.436113296
          0,           0,         200,      -4.272699711,      -1.572699711,      -2.472699711,       0.327300289,      -0.872699711,       5.427300289
          0,           0,         201,      -4.281502931,      -1.581502931,      -2.481502931,       0.318497069,      -0.881502931,       5.418497069
          0,           0,         202,      -4.290296375,      -1.590296375,      -2.490296375,       0.309703625,      -0.890296375,       5.409703625
          0,           0,         203,      -4.299080054,      -1.599080054,      -2.499080054,       0.300919946,      -0.899080054,       5.400919946
          0,           0,         204,      -4.307853978,      -1.607853978,      -2.507853978,       0.292146022,      -0.907853978,       5.392146022
          0,           0,         205,      -4.316618160,      -1.616618160,      -2.516618160,       0.283381840,      -0.916618160,       5.383381840
          0,           0,         206,      -4.325372608,      -1.625372608,      -2.525372608,       0.274627392,      -0.925372608,       5.374627392
          0,           0,         207,      -4.334117335,      -1.634117335,      -2.534117335,       0.265882665,      -0.934117335,       5.365882665
          0,           0,         208,      -4.342852351,      -1.642852351,      -2.542852351,       0.257147649,      -0.942852351,       5.357147649
          0,           0,         209,      -4.351577667,      -1.651577667,      -2.551577667,       0.248422333,      -0.951577667,       5.348422333
          0,           0,         210,      -4.360293293,      -1.660293293,      -2.560293293,       0.239706707,      -0.960293293,       5.339706707
          0,           0,         211,      -4.368999241,      -1.668999241,      -2.568999241,       0.231000759,      -0.968999241,       5.331000759
          0,           0,         212,      -4.377695521,      -1.677695521,      -2.577695521,       0.222304479,      -0.977695521,       5.322304479
          0,           0,         213,      -4.386382143,      -1.686382143,      -2.586382143,       0.213617857,      -0.986382143,       5.313617857
          0,           0,         214,      -4.395059120,      -1.695059120,      -2.595059120,       0.204940880,      -0.995059120,       5.304940880
          0,           0,         215,      -4.403726460,      -1.703726460,      -2.603726460,       0.196273540,      -1.003726460,       5.296273540
          0,           0,         216,      -4.412384175,      -1.712384175,      -2.612384175,       0.187615825,      -1.012384175,       5.287615825
          0,           0,         217,      -4.421032277,      -1.721032277,      -2.621032277,       0.178967723,      -1.021032277,       5.278967723
          0,           0,         218,      -4.429670774,      -1.729670774,      -2.629670774,       0.170329226,      -1.029670774,       5.270329226
          0,           0,         219,      -4.438299678,      -1.738299678,      -2.638299678,       0.161700322,      -1.038299678,       5.261700322
          0,           0,         220,      -4.446919000,      -1.746919000,      -2.646919000,       0.153081000,      -1.046919000,       5.253081000
          0,           0,         221,      -4.455528751,      -1.755528751,      -2.655528751,       0.144471249,      -1.055528751,       5.244471249
          0,           0,         222,      -4.464128940,      -1.764128940,      -2.664128940,       0.135871060,      -1.064128940,       5.235871060
          0,           0,         223,      -4.472719579,      -1.772719579,      -2.672719579,       0.127280421,      -1.072719579,       5.227280421
          0,           0,         224,      -4.481300678,      -1.781300678,      -2.681300678,       0.118699322,      -1.081300678,       5.218699322
          0,           0,         225,      -4.489872248,      -1.789872248,      -2.689872248,       0.110127752,      -1.089872248,       5.210127752
          0,           0,         226,      -4.498434299,      -1.798434299,      -2.698434299,       0.101565701,      -1.098434299,       5.201565701
          0,           0,         227,      -4.506986842,      -1.806986842,      -2.706986842,       0.093013158,      -1.106986842,       5.193013158
          0,           0,         228,      -4.515529887,      -1.815529887,      -2.715529887,       0.084470113,      -1.115529887,       5.184470113
          0,           0,         229,      -4.524063445,      -1.824063445,      -2.724063445,       0.075936555,      -1.124063445,       5.175936555
          0,           0,         230,      -4.532587527,      -1.832587527,      -2.732587527,       0.067412473,      -1.132587527,       5.167412473
          0,           0,         231,      -4.541102143,      -1.841102143,      -2.741102143,       0.058897857,      -1.141102143,       5.158897857
          0,           0,         232,      -4.549607304,      -1.849607304,      -2.749607304,       0.050392696,      -1.149607304,       5.150392696
          0,           0,         233,      -4.558103019,      -1.858103019,      -2.758103019,       0.041896981,      -1.158103019,       5.141896981
          0,           0,         234,      -4.566589301,      -1.866589301,      -2.766589301,       0.033410699,      -1.166589301,       5.133410699
          0,           0,         235,      -4.575066158,      -1.875066158,      -2.775066158,       0.024933842,      -1.175066158,       5.124933842
          0,           0,         236,      -4.583533601,      -1.883533601,      -2.783533601,       0.016466399,      -1.183533601,       5.116466399
          0,           0,         237,      -4.591991642,      -1.891991642,      -2.791991642,       0.008008358,      -1.191991642,       5.108008358
          0,           0,         238,      -4.600440290,      -1.900440290,      -2.800440290,      -0.000440290,      -1.200440290,       5.099559710
          0,           0,         239,      -4.608879556,      -1.908879556,      -2.808879556,      -0.008879556,      -1.208879556,       5.091120444
          0,           0,         240,      -4.617309450,      -1.917309450,      -2.817309450,      -0.017309450,      -1.217309450,       5.082690550
          0,           0,         241,      -4.625729983,      -1.925729983,      -2.825729983,      -0.025729983,      -1.225729983,       5.074270017
          0,           0,         242,      -4.634141165,      -1.934141165,      -2.834141165,      -0.034141165,      -1.234141165,       5.065858835
          0,           0,         243,      -4.642543006,      -1.942543006,      -2.842543006,      -0.042543006,      -1.242543006,       5.057456994
          0,           0,         244,      -4.650935517,      -1.950935517,      -2.850935517,      -0.050935517,      -1.250935517,       5.049064483
          0,           0,         245,      -4.659318708,      -1.959318708,      -2.859318708,      -0.059318708,      -1.259318708,       5.040681292
          0,           0,         246,      -4.667692590,      -1.967692590,      -2.867692590,      -0.067692590,      -1.267692590,       5.032307410
          0,           0,         247,      -4.676057173,      -1.976057173,      -2.876057173,      -0.076057173,      -1.276057173,       5.023942827
          0,           0,         248,      -4.684412467,      -1.984412467,      -2.884412467,      -0.084412467,      -1.284412467,       5.015587533
          0,           0,         249,      -4.692758482,      -1.992758482,      -2.892758482,      -0.092758482,      -1.292758482,       5.007241518
          0,           0,         250,      -4.701095229,      -2.001095229,      -2.901095229,      -0.101095229,      -1.301095229,       4.998904771
          0,           0,         251,      -4.709422718,      -2.009422718,      -2.909422718,      -0.109422718,      -1.309422718,       4.990577282
          0,           0,         252,      -4.717740960,      -2.017740960,      -2.917740960,      -0.117740960,      -1.317740960,       4.982259040
          0,           0,         253,      -4.726049964,      -2.026049964,      -2.926049964,      -0.126049964,      -1.326049964,       4.973950036
          0,           0,         254,      -4.734349741,      -2.034349741,      -2.934349741,      -0.134349741,      -1.334349741,       4.965650259
          0,           0,         255,      -4.742640301,      -2.042640301,      -2.942640301,      -0.142640301,      -1.342640301,       4.957359699
          0,           0,         256,      -4.750921655,      -2.050921655,      -2.950921655,      -0.150921655,      -1.350921655,       4.949078345
          0,           0,         257,      -4.759193812,      -2.059193812,      -2.959193812,      -0.159193812,      -1.359193812,       4.940806188
          0,           0,         258,      -4.767456783,      -2.067456783,      -2.967456783,      -0.167456783,      -1.367456783,       4.932543217
          0,           0,         259,      -4.775710578,      -2.075710578,      -2.975710578,      -0.175710578,      -1.375710578,       4.924289422
          0,           0,         260,      -4.783955207,      -2.083955207,      -2.983955207,      -0.183955207,      -1.383955207,       4.916044793
          0,           0,         261,      -4.792190681,      -2.092190681,      -2.992190681,      -0.192190681,      -1.392190681,       4.907809319
          0,           0,         262,      -4.800417009,      -2.100417009,      -3.000417009,      -0.200417009,      -1.400417009,       4.899582991
          0,           0,         263,      -4.808634202,      -2.108634202,      -3.008634202,      -0.208634202,      -1.408634202,       4.891365798
          0,           0,         264,      -4.816842270,      -2.116842270,      -3.016842270,      -0.216842270,      -1.416842270,       4.883157730
          0,           0,         265,      -4.825041223,      -2.125041223,      -3.025041223,      -0.225041223,      -1.425041223,       4.874958777
          0,           0,         266,      -4.833231071,      -2.133231071,      -3.033231071,      -0.233231071,      -1.433231071,       4.866768929
          0,           0,         267,      -4.841411824,      -2.141411824,      -3.041411824,      -0.241411824,      -1.441411824,       4.858588176
          0,           0,         268,      -4.849583492,      -2.149583492,      -3.049583492,      -0.249583492,      -1.449583492,       4.850416508
          0,           0,         269,      -4.857746086,      -2.157746086,      -3.057746086,      -0.257746086,      -1.457746086,       4.842253914
          0,           0,         270,      -4.865899615,      -2.165899615,      -3.065899615,      -0.265899615,      -1.465899615,       4.834100385
          0,           0,         271,      -4.874044090,      -2.174044090,      -3.074044090,      -0.274044090,      -1.474044090,       4.825955910
          0,           0,         272,      -4.882179521,      -2.182179521,      -3.082179521,      -0.282179521,      -1.482179521,       4.817820479
          0,           0,         273,      -4.890305917,      -2.190305917,      -3.090305917,      -0.290305917,      -1.490305917,       4.809694083
          0,           0,         274,      -4.898423289,      -2.198423289,      -3.098423289,      -0.298423289,      -1.498423289,       4.801576711
          0,           0,         275,      -4.906531646,      -2.206531646,      -3.106531646,      -0.306531646,      -1.506531646,       4.793468354
          0,           0,         276,      -4.914630999,      -2.214630999,      -3.114630999,      -0.314630999,      -1.514630999,       4.785369001
          0,           0,         277,      -4.922721358,      -2.222721358,      -3.122721358,      -0.322721358,      -1.522721358,       4.777278642
          0,           0,         278,      -4.930802733,      -2.230802733,      -3.130802733,      -0.330802733,      -1.530802733,       4.769197267
          0,           0,         279,      -4.938875133,      -2.238875133,      -3.138875133,      -0.338875133,      -1.538875133,       4.761124867
          0,           0,         280,      -4.946938569,      -2.246938569,      -3.146938569,      -0.346938569,      -1.546938569,       4.753061431
          0,           0,         281,      -4.954993051,      -2.254993051,      -3.154993051,      -0.354993051,      -1.554993051,       4.745006949
          0,           0,         282,      -4.963038588,      -2.263038588,      -3.163038588,      -0.363038588,      -1.563038588,       4.736961412
          0,           0,         283,      -4.971075191,      -2.271075191,      -3.171075191,      -0.371075191,      -1.571075191,       4.728924809
          0,           0,         284,      -4.979102869,      -2.279102869,      -3.179102869,      -0.379102869,      -1.579102869,       4.720897131
          0,           0,         285,      -4.987121632,      -2.287121632,      -3.187121632,      -0.387121632,      -1.587121632,       4.712878368
          0,           0,         286,      -4.995131491,      -2.295131491,      -3.195131491,      -0.395131491,      -1.595131491,       4.704868509
          0,           0,         287,      -5.003132454,      -2.303132454,      -3.203132454,      -0.403132454,      -1.603132454,       4.696867546
          0,           0,         288,      -5.011124533,      -2.311124533,      -3.211124533,      -0.411124533,      -1.611124533,       4.688875467
          0,           0,         289,      -5.019107736,      -2.319107736,      -3.219107736,      -0.419107736,      -1.619107736,       4.680892264
          0,           0,         290,      -5.027082075,      -2.327082075,      -3.227082075,      -0.427082075,      -1.627082075,       4.672917925
          0,           0,         291,      -5.035047557,      -2.335047557,      -3.235047557,      -0.435047557,      -1.635047557,       4.664952443
          0,           0,         292,      -5.043004194,      -2.343004194,      -3.243004194,      -0.443004194,      -1.643004194,       4.656995806
          0,           0,         293,      -5.050951996,      -2.350951996,      -3.250951996,      -0.450951996,      -1.650951996,       4.649048004
          0,           0,         294,      -5.058890971,      -2.358890971,      -3.258890971,      -0.458890971,      -1.658890971,       4.641109029
          0,           0,         295,      -5.066821130,      -2.366821130,      -3.266821130,      -0.466821130,      -1.666821130,       4.633178870
          0,           0,         296,      -5.074742483,      -2.374742483,      -3.274742483,      -0.474742483,      -1.674742483,       4.625257517
          0,           0,         297,      -5.082655039,      -2.382655039,      -3.282655039,      -0.482655039,      -1.682655039,       4.617344961
          0,           0,         298,      -5.090558808,      -2.390558808,      -3.290558808,      -0.490558808,      -1.690558808,       4.609441192
          0,           0,         299,      -5.098453800,      -2.398453800,      -3.298453800,      -0.498453800,      -1.698453800,       4.601546200
          0,           0,         300,      -5.106340025,      -2.406340025,      -3.306340025,      -0.506340025,      -1.706340025,       4.593659975
          0,           0,         301,      -5.114217493,      -2.414217493,      -3.314217493,      -0.514217493,      -1.714217493,       4.585782507
          0,           0,         302,      -5.122086212,      -2.422086212,      -3.322086212,      -0.522086212,      -1.722086212,       4.577913788
          0,           0,         303,      -5.129946193,      -2.429946193,      -3.329946193,      -0.529946193,      -1.729946193,       4.570053807
          0,           0,         304,      -5.137797446,      -2.437797446,      -3.337797446,      -0.537797446,      -1.737797446,       4.562202554
          0,           0,         305,      -5.145639980,      -2.445639980,      -3.345639980,      -0.545639980,      -1.745639980,       4.554360020
          0,           0,         306,      -5.153473805,      -2.453473805,      -3.353473805,      -0.553473805,      -1.753473805,       4.546526195
          0,           0,         307,      -5.161298930,      -2.461298930,      -3.361298930,      -0.561298930,      -1.761298930,       4.538701070
          0,           0,         308,      -5.169115366,      -2.469115366,      -3.369115366,      -0.569115366,      -1.769115366,       4.530884634
          0,           0,         309,      -5.176923121,      -2.476923121,      -3.376923121,      -0.576923121,      -1.776923121,       4.523076879
          0,           0,         310,      -5.184722207,      -2.484722207,      -3.384722207,      -0.584722207,      -1.784722207,       4.515277793
          0,           0,         311,      -5.192512631,      -2.492512631,      -3.392512631,      -0.592512631,      -1.792512631,       4.507487369
          0,           0,         312,      -5.200294404,      -2.500294404,      -3.400294404,      -0.600294404,      -1.800294404,       4.499705596
          0,           0,         313,      -5.208067535,      -2.508067535,      -3.408067535,      -0.608067535,      -1.808067535,       4.491932465
          0,           0,         314,      -5.215832035,      -2.515832035,      -3.415832035,      -0.615832035,      -1.815832035,       4.484167965
          0,           0,         315,      -5.223587912,      -2.523587912,      -3.423587912,      -0.623587912,      -1.823587912,       4.476412088
          0,           0,         316,      -5.231335176,      -2.531335176,      -3.431335176,      -0.631335176,      -1.831335176,       4.468664824
          0,           0,         317,      -5.239073837,      -2.539073837,      -3.439073837,      -0.639073837,      -1.839073837,       4.460926163
          0,           0,         318,      -5.246803904,      -2.546803904,      -3.446803904,      -0.646803904,      -1.846803904,       4.453196096
          0,           0,         319,      -5.254525387,      -2.554525387,      -3.454525387,      -0.654525387,      -1.854525387,       4.445474613
          0,           0,         320,      -5.262238295,      -2.562238295,      -3.462238295,      -0.662238295,      -1.862238295,       4.437761705
          0,           0,         321,      -5.269942638,      -2.569942638,      -3.469942638,      -0.669942638,      -1.869942638,       4.430057362
          0,           0,         322,      -5.277638426,      -2.577638426,      -3.477638426,      -0.677638426,      -1.877638426,       4.422361574
          0,           0,         323,      -5.285325667,      -2.585325667,      -3.485325667,      -0.685325667,      -1.885325667,       4.414674333
          0,           0,         324,      -5.293004372,      -2.593004372,      -3.493004372,      -0.693004372,      -1.893004372,       4.406995628
          0,           0,         325,      -5.300674549,      -2.600674549,      -3.500674549,      -0.700674549,      -1.900674549,       4.399325451
          0,           0,         326,      -5.308336209,      -2.608336209,      -3.508336209,      -0.708336209,      -1.908336209,       4.391663791
          0,           0,         327,      -5.315989361,      -2.615989361,      -3.515989361,      -0.715989361,      -1.915989361,       4.384010639
          0,           0,         328,      -5.323634014,      -2.623634014,      -3.523634014,      -0.723634014,      -1.923634014,       4.376365986
          0,           0,         329,      -5.331270178,      -2.631270178,      -3.531270178,      -0.731270178,      -1.931270178,       4.368729822
          0,           0,         330,      -5.338897861,      -2.638897861,      -3.538897861,      -0.738897861,      -1.938897861,       4.361102139
          0,           0,         331,      -5.346517074,      -2.646517074,      -3.546517074,      -0.746517074,      -1.946517074,       4.353482926
          0,           0,         332,      -5.354127826,      -2.654127826,      -3.554127826,      -0.754127826,      -1.954127826,       4.345872174
          0,           0,         333,      -5.361730127,      -2.661730127,      -3.561730127,      -0.761730127,      -1.961730127,       4.338269873
          0,           0,         334,      -5.369323985,      -2.669323985,      -3.569323985,      -0.769323985,      -1.969323985,       4.330676015
          0,           0,         335,      -5.376909410,      -2.676909410,      -3.576909410,      -0.776909410,      -1.976909410,       4.323090590
          0,           0,         336,      -5.384486411,      -2.684486411,      -3.584486411,      -0.784486411,      -1.984486411,       4.315513589
          0,           0,         337,      -5.392054999,      -2.692054999,      -3.592054999,      -0.792054999,      -1.992054999,       4.307945001
          0,           0,         338,      -5.399615181,      -2.699615181,      -3.599615181,      -0.799615181,      -1.999615181,       4.300384819
          0,           0,         339,      -5.407166968,      -2.707166968,      -3.607166968,      -0.807166968,      -2.007166968,       4.292833032
          0,           0,         340,      -5.414710369,      -2.714710369,      -3.614710369,      -0.814710369,      -2.014710369,       4.285289631
          0,           0,         341,      -5.422245393,      -2.722245393,      -3.622245393,      -0.822245393,      -2.022245393,       4.277754607
          0,           0,         342,      -5.429772049,      -2.729772049,      -3.629772049,      -0.829772049,      -2.029772049,       4.270227951
          0,           0,         343,      -5.437290347,      -2.737290347,      -3.637290347,      -0.837290347,      -2.037290347,       4.262709653
          0,           0,         344,      -5.444800296,      -2.744800296,      -3.644800296,      -0.844800296,      -2.044800296,       4.255199704
          0,           0,         345,      -5.452301905,      -2.752301905,      -3.652301905,      -0.852301905,      -2.052301905,       4.247698095
          0,           0,         346,      -5.459795183,      -2.759795183,      -3.659795183,      -0.859795183,      -2.059795183,       4.240204817
          0,           0,         347,      -5.467280141,      -2.767280141,      -3.667280141,      -0.867280141,      -2.067280141,       4.232719859
          0,           0,         348,      -5.474756786,      -2.774756786,      -3.674756786,      -0.874756786,      -2.074756786,       4.225243214
          0,           0,         349,      -5.482225129,      -2.782225129,      -3.682225129,      -0.882225129,      -2.082225129,       4.217774871
          0,           0,         350,      -5.489685178,      -2.789685178,      -3.689685178,      -0.889685178,      -2.089685178,       4.210314822
          0,           0,         351,      -5.497136942,      -2.797136942,      -3.697136942,      -0.897136942,      -2.097136942,       4.202863058
          0,           0,         352,      -5.504580432,      -2.804580432,      -3.704580432,      -0.904580432,      -2.104580432,       4.195419568
          0,           0,         353,      -5.512015656,      -2.812015656,      -3.712015656,      -0.912015656,      -2.112015656,       4.187984344
          0,           0,         354,      -5.519442623,      -2.819442623,      -3.719442623,      -0.919442623,      -2.119442623,       4.180557377
          0,           0,         355,      -5.526861342,      -2.826861342,      -3.726861342,      -0.926861342,      -2.126861342,       4.173138658
          0,           0,         356,      -5.534271823,      -2.834271823,      -3.734271823,      -0.934271823,      -2.134271823,       4.165728177
          0,           0,         357,      -5.541674074,      -2.841674074,      -3.741674074,      -0.941674074,      -2.141674074,       4.158325926
          0,           0,         358,      -5.549068105,      -2.849068105,      -3.749068105,      -0.949068105,      -2.149068105,       4.150931895
          0,           0,         359,      -5.556453926,      -2.856453926,      -3.756453926,      -0.956453926,      -2.156453926,       4.143546074
          0,           0,         360,      -5.563831544,      -2.863831544,      -3.763831544,      -0.963831544,      -2.163831544,       4.136168456
          0,           0,         361,      -5.571200970,      -2.871200970,      -3.771200970,      -0.971200970,      -2.171200970,       4.128799030
          0,           0,         362,      -5.578562212,      -2.878562212,      -3.778562212,      -0.978562212,      -2.178562212,       4.121437788
          0,           0,         363,      -5.585915279,      -2.885915279,      -3.785915279,      -0.985915279,      -2.185915279,       4.114084721
          0,           0,         364,      -5.593260181,      -2.893260181,      -3.793260181,      -0.993260181,      -2.193260181,       4.106739819
          0,           0,         365,      -5.600596926,      -2.900596926,      -3.800596926,      -1.000596926,      -2.200596926,       4.099403074
          0,           0,         366,      -5.607925524,      -2.907925524,      -3.807925524,      -1.007925524,      -2.207925524,       4.092074476
          0,           0,         367,      -5.615245984,      -2.915245984,      -3.815245984,      -1.015245984,      -2.215245984,       4.084754016
          0,           0,         368,      -5.622558314,      -2.922558314,      -3.822558314,      -1.022558314,      -2.222558314,       4.077441686
          0,           0,         369,      -5.629862524,      -2.929862524,      -3.829862524,      -1.029862524,      -2.229862524,       4.070137476
          0,           0,         370,      -5.637158622,      -2.937158622,      -3.837158622,      -1.037158622,      -2.237158622,       4.062841378
          0,           0,         371,      -5.644446619,      -2.944446619,      -3.844446619,      -1.044446619,      -2.244446619,       4.055553381
          0,           0,         372,      -5.651726522,      -2.951726522,      -3.851726522,      -1.051726522,      -2.251726522,       4.048273478
          0,           0,         373,      -5.658998340,      -2.958998340,      -3.858998340,      -1.058998340,      -2.258998340,       4.041001660
          0,           0,         374,      -5.666262084,      -2.966262084,      -3.866262084,      -1.066262084,      -2.266262084,       4.033737916
          0,           0,         375,      -5.673517761,      -2.973517761,      -3.873517761,      -1.073517761,      -2.273517761,       4.026482239
          0,           0,         376,      -5.680765381,      -2.980765381,      -3.880765381,      -1.080765381,      -2.280765381,       4.019234619
          0,           0,         377,      -5.688004952,      -2.988004952,      -3.888004952,      -1.088004952,      -2.288004952,       4.011995048
          0,           0,         378,      -5.695236484,      -2.995236484,      -3.895236484,      -1.095236484,      -2.295236484,       4.004763516
          0,           0,         379,      -5.702459985,      -3.002459985,      -3.902459985,      -1.102459985,      -2.302459985,       3.997540015
          0,           0,         380,      -5.709675465,      -3.009675465,      -3.909675465,      -1.109675465,      -2.309675465,       3.990324535
          0,           0,         381,      -5.716882931,      -3.016882931,      -3.916882931,      -1.116882931,      -2.316882931,       3.983117069
          0,           0,         382,      -5.724082394,      -3.024082394,      -3.924082394,      -1.124082394,      -2.324082394,       3.975917606
          0,           0,         383,      -5.731273862,      -3.031273862,      -3.931273862,      -1.131273862,      -2.331273862,       3.968726138
          0,           0,         384,      -5.738457344,      -3.038457344,      -3.938457344,      -1.138457344,      -2.338457344,       3.961542656
          0,           0,         385,      -5.745632849,      -3.045632849,      -3.945632849,      -1.145632849,      -2.345632849,       3.954367151
          0,           0,         386,      -5.752800385,      -3.052800385,      -3.952800385,      -1.152800385,      -2.352800385,       3.947199615
          0,           0,         387,      -5.759959962,      -3.059959962,      -3.959959962,      -1.159959962,      -2.359959962,       3.940040038
          0,           0,         388,      -5.767111588,      -3.067111588,      -3.967111588,      -1.167111588,      -2.367111588,       3.932888412
          0,           0,         389,      -5.774255273,      -3.074255273,      -3.974255273,      -1.174255273,      -2.374255273,       3.925744727
          0,           0,         390,      -5.781391024,      -3.081391024,      -3.981391024,      -1.181391024,      -2.381391024,       3.918608976
          0,           0,         391,      -5.788518851,      -3.088518851,      -3.988518851,      -1.188518851,      -2.388518851,       3.911481149
          0,           0,         392,      -5.795638763,      -3.095638763,      -3.995638763,      -1.195638763,      -2.395638763,       3.904361237
          0,           0,         393,      -5.802750768,      -3.102750768,      -4.002750768,      -1.202750768,      -2.402750768,       3.897249232
          0,           0,         394,      -5.809854875,      -3.109854875,      -4.009854875,      -1.209854875,      -2.409854875,       3.890145125
          0,           0,         395,      -5.816951093,      -3.116951093,      -4.016951093,      -1.216951093,      -2.416951093,       3.883048907
          0,           0,         396,      -5.824039431,      -3.124039431,      -4.024039431,      -1.224039431,      -2.424039431,       3.875960569
          0,           0,         397,      -5.831119898,      -3.131119898,      -4.031119898,      -1.231119898,      -2.431119898,       3.868880102
          0,           0,         398,      -5.838192501,      -3.138192501,      -4.038192501,      -1.238192501,      -2.438192501,       3.861807499
          0,           0,         399,      -5.845257250,      -3.145257250,      -4.045257250,      -1.245257250,      -2.445257250,       3.854742750
          0,           0,         400,      -5.852314155,      -3.152314155,      -4.052314155,      -1.252314155,      -2.452314155,       3.847685845
          0,           0,         401,      -5.859363222,      -3.159363222,      -4.059363222,      -1.259363222,      -2.459363222,       3.840636778
          0,           0,         402,      -5.866404461,      -3.166404461,      -4.066404461,      -1.266404461,      -2.466404461,       3.833595539
          0,           0,         403,      -5.873437882,      -3.173437882,      -4.073437882,      -1.273437882,      -2.473437882,       3.826562118
          0,           0,         404,      -5.880463491,      -3.180463491,      -4.080463491,      -1.280463491,      -2.480463491,       3.819536509
          0,           0,         405,      -5.887481299,      -3.187481299,      -4.087481299,      -1.287481299,      -2.487481299,       3.812518701
          0,           0,         406,      -5.894491313,      -3.194491313,      -4.094491313,      -1.294491313,      -2.494491313,       3.805508687
          0,           0,         407,      -5.901493543,      -3.201493543,      -4.101493543,      -1.301493543,      -2.501493543,       3.798506457
          0,           0,         408,      -5.908487997,      -3.208487997,      -4.108487997,      -1.308487997,      -2.508487997,       3.791512003
          0,           0,         409,      -5.915474684,      -3.215474684,      -4.115474684,      -1.315474684,      -2.515474684,       3.784525316
          0,           0,         410,      -5.922453612,      -3.222453612,      -4.122453612,      -1.322453612,      -2.522453612,       3.777546388
          0,           0,         411,      -5.929424790,      -3.229424790,      -4.129424790,      -1.329424790,      -2.529424790,       3.770575210
          0,           0,         412,      -5.936388226,      -3.236388226,      -4.136388226,      -1.336388226,      -2.536388226,       3.763611774
          0,           0,         413,      -5.943343930,      -3.243343930,      -4.143343930,      -1.343343930,      -2.543343930,       3.756656070
          0,           0,         414,      -5.950291909,      -3.250291909,      -4.150291909,      -1.350291909,      -2.550291909,       3.749708091
          0,           0,         415,      -5.957232173,      -3.257232173,      -4.157232173,      -1.357232173,      -2.557232173,       3.742767827
          0,           0,         416,      -5.964164730,      -3.264164730,      -4.164164730,      -1.364164730,      -2.564164730,       3.735835270
          0,           0,         417,      -5.971089588,      -3.271089588,      -4.171089588,      -1.371089588,      -2.571089588,       3.728910412
          0,           0,         418,      -5.978006756,      -3.278006756,      -4.178006756,      -1.378006756,      -2.578006756,       3.721993244
          0,           0,         419,      -5.984916242,      -3.284916242,      -4.184916242,      -1.384916242,      -2.584916242,       3.715083758
          0,           0,         420,      -5.991818056,      -3.291818056,      -4.191818056,      -1.391818056,      -2.591818056,       3.708181944
          0,           0,         421,      -5.998712205,      -3.298712205,      -4.198712205,      -1.398712205,      -2.598712205,       3.701287795
          0,           0,         422,      -6.005598698,      -3.305598698,      -4.205598698,      -1.405598698,      -2.605598698,       3.694401302
          0,           0,         423,      -6.012477544,      -3.312477544,      -4.212477544,      -1.412477544,      -2.612477544,       3.687522456
          0,           0,         424,      -6.019348751,      -3.319348751,      -4.219348751,      -1.419348751,      -2.619348751,       3.680651249
          0,           0,         425,      -6.026212327,      -3.326212327,      -4.226212327,      -1.426212327,      -2.626212327,       3.673787673
          0,           0,         426,      -6.033068282,      -3.333068282,      -4.233068282,      -1.433068282,      -2.633068282,       3.666931718
          0,           0,         427,      -6.039916623,      -3.339916623,      -4.239916623,      -1.439916623,      -2.639916623,       3.660083377
          0,           0,         428,      -6.046757359,      -3.346757359,      -4.246757359,      -1.446757359,      -2.646757359,       3.653242641
          0,           0,         429,      -6.053590498,      -3.353590498,      -4.253590498,      -1.453590498,      -2.653590498,       3.646409502
          0,           0,         430,      -6.060416049,      -3.360416049,      -4.260416049,      -1.460416049,      -2.660416049,       3.639583951
          0,           0,         431,      -6.067234021,      -3.367234021,      -4.267234021,      -1.467234021,      -2.667234021,       3.632765979
          0,           0,         432,      -6.074044421,      -3.374044421,      -4.274044421,      -1.474044421,      -2.674044421,       3.625955579
          0,           0,         433,      -6.080847258,      -3.380847258,      -4.280847258,      -1.480847258,      -2.680847258,       3.619152742
          0,           0,         434,      -6.087642541,      -3.387642541,      -4.287642541,      -1.487642541,      -2.687642541,       3.612357459
          0,           0,         435,      -6.094430278,      -3.394430278,      -4.294430278,      -1.494430278,      -2.694430278,       3.605569722
          0,           0,         436,      -6.101210477,      -3.401210477,      -4.301210477,      -1.501210477,      -2.701210477,       3.598789523
          0,           0,         437,      -6.107983146,      -3.407983146,      -4.307983146,      -1.507983146,      -2.707983146,       3.592016854
          0,           0,         438,      -6.114748295,      -3.414748295,      -4.314748295,      -1.514748295,      -2.714748295,       3.585251705
          0,           0,         439,      -6.121505930,      -3.421505930,      -4.321505930,      -1.521505930,      -2.721505930,       3.578494070
          0,           0,         440,      -6.128256062,      -3.428256062,      -4.328256062,      -1.528256062,      -2.728256062,       3.571743938
          0,           0,         441,      -6.134998698,      -3.434998698,      -4.334998698,      -1.534998698,      -2.734998698,       3.565001302
          0,           0,         442,      -6.141733845,      -3.441733845,      -4.341733845,      -1.541733845,      -2.741733845,       3.558266155
          0,           0,         443,      -6.148461514,      -3.448461514,      -4.348461514,      -1.548461514,      -2.748461514,       3.551538486
          0,           0,         444,      -6.155181712,      -3.455181712,      -4.355181712,      -1.555181712,      -2.755181712,       3.544818288
          0,           0,         445,      -6.161894446,      -3.461894446,      -4.361894446,      -1.561894446,      -2.761894446,       3.538105554
          0,           0,         446,      -6.168599727,      -3.468599727,      -4.368599727,      -1.568599727,      -2.768599727,       3.531400273
          0,           0,         447,      -6.175297561,      -3.475297561,      -4.375297561,      -1.575297561,      -2.775297561,       3.524702439
          0,           0,         448,      -6.181987957,      -3.481987957,      -4.381987957,      -1.581987957,      -2.781987957,       3.518012043
          0,           0,         449,      -6.188670924,      -3.488670924,      -4.388670924,      -1.588670924,      -2.788670924,       3.511329076
          0,           0,         450,      -6.195346469,      -3.495346469,      -4.395346469,      -1.595346469,      -2.795346469,       3.504653531
          0,           0,         451,      -6.202014601,      -3.502014601,      -4.402014601,      -1.602014601,      -2.802014601,       3.497985399
          0,           0,         452,      -6.208675328,      -3.508675328,      -4.408675328,      -1.608675328,      -2.808675328,       3.491324672
          0,           0,         453,      -6.215328658,      -3.515328658,      -4.415328658,      -1.615328658,      -2.815328658,       3.484671342
          0,           0,         454,      -6.221974600,      -3.521974600,      -4.421974600,      -1.621974600,      -2.821974600,       3.478025400
          0,           0,         455,      -6.228613162,      -3.528613162,      -4.428613162,      -1.628613162,      -2.828613162,       3.471386838
          0,           0,         456,      -6.235244352,      -3.535244352,      -4.435244352,      -1.635244352,      -2.835244352,       3.464755648
          0,           0,         457,      -6.241868177,      -3.541868177,      -4.441868177,      -1.641868177,      -2.841868177,       3.458131823
          0,           0,         458,      -6.248484647,      -3.548484647,      -4.448484647,      -1.648484647,      -2.848484647,       3.451515353
          0,           0,         459,      -6.255093770,      -3.555093770,      -4.455093770,      -1.655093770,      -2.855093770,       3.444906230
          0,           0,         460,      -6.261695553,      -3.561695553,      -4.461695553,      -1.661695553,      -2.861695553,       3.438304447
          0,           0,         461,      -6.268290005,      -3.568290005,      -4.468290005,      -1.668290005,      -2.868290005,       3.431709995
          0,           0,         462,      -6.274877133,      -3.574877133,      -4.474877133,      -1.674877133,      -2.874877133,       3.425122867
          0,           0,         463,      -6.281456947,      -3.581456947,      -4.481456947,      -1.681456947,      -2.881456947,       3.418543053
          0,           0,         464,      -6.288029454,      -3.588029454,      -4.488029454,      -1.688029454,      -2.888029454,       3.411970546
          0,           0,         465,      -6.294594662,      -3.594594662,      -4.494594662,      -1.694594662,      -2.894594662,       3.405405338
          0,           0,         466,      -6.301152580,      -3.601152580,      -4.501152580,      -1.701152580,      -2.901152580,       3.398847420
          0,           0,         467,      -6.307703215,      -3.607703215,      -4.507703215,      -1.707703215,      -2.907703215,       3.392296785
          0,           0,         468,      -6.314246575,      -3.614246575,      -4.514246575,      -1.714246575,      -2.914246575,       3.385753425
          0,           0,         469,      -6.320782669,      -3.620782669,      -4.520782669,      -1.720782669,      -2.920782669,       3.379217331
          0,           0,         470,      -6.327311505,      -3.627311505,      -4.527311505,      -1.727311505,      -2.927311505,       3.372688495
          0,           0,         471,      -6.333833091,      -3.633833091,      -4.533833091,      -1.733833091,      -2.933833091,       3.366166909
          0,           0,         472,      -6.340347434,      -3.640347434,      -4.540347434,      -1.740347434,      -2.940347434,       3.359652566
          0,           0,         473,      -6.346854544,      -3.646854544,      -4.546854544,      -1.746854544,      -2.946854544,       3.353145456
          0,           0,         474,      -6.353354427,      -3.653354427,      -4.553354427,      -1.753354427,      -2.953354427,       3.346645573
          0,           0,         475,      -6.359847092,      -3.659847092,      -4.559847092,      -1.759847092,      -2.959847092,       3.340152908
          0,           0,         476,      -6.366332547,      -3.666332547,      -4.566332547,      -1.766332547,      -2.966332547,       3.333667453
          0,           0,         477,      -6.372810800,      -3.672810800,      -4.572810800,      -1.772810800,      -2.972810800,       3.327189200
          0,           0,         478,      -6.379281859,      -3.679281859,      -4.579281859,      -1.779281859,      -2.979281859,       3.320718141
          0,           0,         479,      -6.385745732,      -3.685745732,      -4.585745732,      -1.785745732,      -2.985745732,       3.314254268
          0,           0,         480,      -6.392202427,      -3.692202427,      -4.592202427,      -1.792202427,      -2.992202427,       3.307797573
          0,           0,         481,      -6.398651952,      -3.698651952,      -4.598651952,      -1.798651952,      -2.998651952,       3.301348048
          0,           0,         482,      -6.405094314,      -3.705094314,      -4.605094314,      -1.805094314,      -3.005094314,       3.294905686
          0,           0,         483,      -6.411529522,      -3.711529522,      -4.611529522,      -1.811529522,      -3.011529522,       3.288470478
          0,           0,         484,      -6.417957584,      -3.717957584,      -4.617957584,      -1.817957584,      -3.017957584,       3.282042416
          0,           0,         485,      -6.424378508,      -3.724378508,      -4.624378508,      -1.824378508,      -3.024378508,       3.275621492
          0,           0,         486,      -6.430792301,      -3.730792301,      -4.630792301,      -1.830792301,      -3.030792301,       3.269207699
          0,           0,         487,      -6.437198972,      -3.737198972,      -4.637198972,      -1.837198972,      -3.037198972,       3.262801028
          0,           0,         488,      -6.443598529,      -3.743598529,      -4.643598529,      -1.843598529,      -3.043598529,       3.256401471
          0,           0,         489,      -6.449990978,      -3.749990978,      -4.649990978,      -1.849990978,      -3.049990978,       3.250009022
          0,           0,         490,      -6.456376329,      -3.756376329,      -4.656376329,      -1.856376329,      -3.056376329,       3.243623671
          0,           0,         491,      -6.462754589,      -3.762754589,      -4.662754589,      -1.862754589,      -3.062754589,       3.237245411
          0,           0,         492,      -6.469125766,      -3.769125766,      -4.669125766,      -1.869125766,      -3.069125766,       3.230874234
          0,           0,         493,      -6.475489868,      -3.775489868,      -4.675489868,      -1.875489868,      -3.075489868,       3.224510132
          0,           0,         494,      -6.481846902,      -3.781846902,      -4.681846902,      -1.881846902,      -3.081846902,       3.218153098
          0,           0,         495,      -6.488196877,      -3.788196877,      -4.688196877,      -1.888196877,      -3.088196877,       3.211803123
          0,           0,         496,      -6.494539801,      -3.794539801,      -4.694539801,      -1.894539801,      -3.094539801,       3.205460199
          0,           0,         497,      -6.500875680,      -3.800875680,      -4.700875680,      -1.900875680,      -3.100875680,       3.199124320
          0,           0,         498,      -6.507204524,      -3.807204524,      -4.707204524,      -1.907204524,      -3.107204524,       3.192795476
          0,           0,         499,      -6.513526340,      -3.813526340,      -4.713526340,      -1.913526340,      -3.113526340,       3.186473660
          0,           0,         500,      -6.519841135,      -3.819841135,      -4.719841135,      -1.919841135,      -3.119841135,       3.180158865
          0,           0,         501,      -6.526148917,      -3.826148917,      -4.726148917,      -1.926148917,      -3.126148917,       3.173851083
          0,           0,         502,      -6.532449695,      -3.832449695,      -4.732449695,      -1.932449695,      -3.132449695,       3.167550305
          0,           0,         503,      -6.538743476,      -3.838743476,      -4.738743476,      -1.938743476,      -3.138743476,       3.161256524
          0,           0,         504,      -6.545030268,      -3.845030268,      -4.745030268,      -1.945030268,      -3.145030268,       3.154969732
          0,           0,         505,      -6.551310078,      -3.851310078,      -4.751310078,      -1.951310078,      -3.151310078,       3.148689922
          0,           0,         506,      -6.557582915,      -3.857582915,      -4.757582915,      -1.957582915,      -3.157582915,       3.142417085
          0,           0,         507,      -6.563848785,      -3.863848785,      -4.763848785,      -1.963848785,      -3.163848785,       3.136151215
          0,           0,         508,      -6.570107698,      -3.870107698,      -4.770107698,      -1.970107698,      -3.170107698,       3.129892302
          0,           0,         509,      -6.576359660,      -3.876359660,      -4.776359660,      -1.976359660,      -3.176359660,       3.123640340
          0,           0,         510,      -6.582604679,      -3.882604679,      -4.782604679,      -1.982604679,      -3.182604679,       3.117395321
          0,           0,         511,      -6.588842763,      -3.888842763,      -4.788842763,      -1.988842763,      -3.188842763,       3.111157237
          0,           0,         512,      -6.595073920,      -3.895073920,      -4.795073920,      -1.995073920,      -3.195073920,       3.104926080
          0,           0,         513,      -6.601298157,      -3.901298157,      -4.801298157,      -2.001298157,      -3.201298157,       3.098701843
          0,           0,         514,      -6.607515482,      -3.907515482,      -4.807515482,      -2.007515482,      -3.207515482,       3.092484518
          0,           0,         515,      -6.613725903,      -3.913725903,      -4.813725903,      -2.013725903,      -3.213725903,       3.086274097
          0,           0,         516,      -6.619929427,      -3.919929427,      -4.819929427,      -2.019929427,      -3.219929427,       3.080070573
          0,           0,         517,      -6.626126062,      -3.926126062,      -4.826126062,      -2.026126062,      -3.226126062,       3.073873938
          0,           0,         518,      -6.632315816,      -3.932315816,      -4.832315816,      -2.032315816,      -3.232315816,       3.067684184
          0,           0,         519,      -6.638498696,      -3.938498696,      -4.838498696,      -2.038498696,      -3.238498696,       3.061501304
          0,           0,         520,      -6.644674710,      -3.944674710,      -4.844674710,      -2.044674710,      -3.244674710,       3.055325290
          0,           0,         521,      -6.650843866,      -3.950843866,      -4.850843866,      -2.050843866,      -3.250843866,       3.049156134
          0,           0,         522,      -6.657006171,      -3.957006171,      -4.857006171,      -2.057006171,      -3.257006171,       3.042993829
          0,           0,         523,      -6.663161633,      -3.963161633,      -4.863161633,      -2.063161633,      -3.263161633,       3.036838367
          0,           0,         524,      -6.669310259,      -3.969310259,      -4.869310259,      -2.069310259,      -3.269310259,       3.030689741
          0,           0,         525,      -6.675452057,      -3.975452057,      -4.875452057,      -2.075452057,      -3.275452057,       3.024547943
          0,           0,         526,      -6.681587035,      -3.981587035,      -4.881587035,      -2.081587035,      -3.281587035,       3.018412965
          0,           0,         527,      -6.687715199,      -3.987715199,      -4.887715199,      -2.087715199,      -3.287715199,       3.012284801
          0,           0,         528,      -6.693836559,      -3.993836559,      -4.893836559,      -2.093836559,      -3.293836559,       3.006163441
          0,           0,         529,      -6.699951121,      -3.999951121,      -4.899951121,      -2.099951121,      -3.299951121,       3.000048879
          0,           0,         530,      -6.706058892,      -4.006058892,      -4.906058892,      -2.106058892,      -3.306058892,       2.993941108
          0,           0,         531,      -6.712159881,      -4.012159881,      -4.912159881,      -2.112159881,      -3.312159881,       2.987840119
          0,           0,         532,      -6.718254095,      -4.018254095,      -4.918254095,      -2.118254095,      -3.318254095,       2.981745905
          0,           0,         533,      -6.724341541,      -4.024341541,      -4.924341541,      -2.124341541,      -3.324341541,       2.975658459
          0,           0,         534,      -6.730422227,      -4.030422227,      -4.930422227,      -2.130422227,      -3.330422227,       2.969577773
          0,           0,         535,      -6.736496161,      -4.036496161,      -4.936496161,      -2.136496161,      -3.336496161,       2.963503839
          0,           0,         536,      -6.742563350,      -4.042563350,      -4.942563350,      -2.142563350,      -3.342563350,       2.957436650
          0,           0,         537,      -6.748623800,      -4.048623800,      -4.948623800,      -2.148623800,      -3.348623800,       2.951376200
          0,           0,         538,      -6.754677521,      -4.054677521,      -4.954677521,      -2.154677521,      -3.354677521,       2.945322479
          0,           0,         539,      -6.760724520,      -4.060724520,      -4.960724520,      -2.160724520,      -3.360724520,       2.939275480
          0,           0,         540,      -6.766764803,      -4.066764803,      -4.966764803,      -2.166764803,      -3.366764803,       2.933235197
          0,           0,         541,      -6.772798378,      -4.072798378,      -4.972798378,      -2.172798378,      -3.372798378,       2.927201622
          0,           0,         542,      -6.778825253,      -4.078825253,      -4.978825253,      -2.178825253,      -3.378825253,       2.921174747
          0,           0,         543,      -6.784845436,      -4.084845436,      -4.984845436,      -2.184845436,      -3.384845436,       2.915154564
          0,           0,         544,      -6.790858932,      -4.090858932,      -4.990858932,      -2.190858932,      -3.390858932,       2.909141068
          0,           0,         545,      -6.796865751,      -4.096865751,      -4.996865751,      -2.196865751,      -3.396865751,       2.903134249
          0,           0,         546,      -6.802865900,      -4.102865900,      -5.002865900,      -2.202865900,      -3.402865900,       2.897134100
          0,           0,         547,      -6.808859385,      -4.108859385,      -5.008859385,      -2.208859385,      -3.408859385,       2.891140615
          0,           0,         548,      -6.814846215,      -4.114846215,      -5.014846215,      -2.214846215,      -3.414846215,       2.885153785
          0,           0,         549,      -6.820826396,      -4.120826396,      -5.020826396,      -2.220826396,      -3.420826396,       2.879173604
          0,           0,         550,      -6.826799936,      -4.126799936,      -5.026799936,      -2.226799936,      -3.426799936,       2.873200064
          0,           0,         551,      -6.832766843,      -4.132766843,      -5.032766843,      -2.232766843,      -3.432766843,       2.867233157
          0,           0,         552,      -6.838727124,      -4.138727124,      -5.038727124,      -2.238727124,      -3.438727124,       2.861272876
          0,           0,         553,      -6.844680785,      -4.144680785,      -5.044680785,      -2.244680785,      -3.444680785,       2.855319215
          0,           0,         554,      -6.850627836,      -4.150627836,      -5.050627836,      -2.250627836,      -3.450627836,       2.849372164
          0,           0,         555,      -6.856568282,      -4.156568282,      -5.056568282,      -2.256568282,      -3.456568282,       2.843431718
          0,           0,         556,      -6.862502131,      -4.162502131,      -5.062502131,      -2.262502131,      -3.462502131,       2.837497869
          0,           0,         557,      -6.868429390,      -4.168429390,      -5.068429390,      -2.268429390,      -3.468429390,       2.831570610
          0,           0,         558,      -6.874350068,      -4.174350068,      -5.074350068,      -2.274350068,      -3.474350068,       2.825649932
          0,           0,         559,      -6.880264170,      -4.180264170,      -5.080264170,      -2.280264170,      -3.480264170,       2.819735830
          0,           0,         560,      -6.886171705,      -4.186171705,      -5.086171705,      -2.286171705,      -3.486171705,       2.813828295
          0,           0,         561,      -6.892072680,      -4.192072680,      -5.092072680,      -2.292072680,      -3.492072680,       2.807927320
          0,           0,         562,      -6.897967102,      -4.197967102,      -5.097967102,      -2.297967102,      -3.497967102,       2.802032898
          0,           0,         563,      -6.903854978,      -4.203854978,      -5.103854978,      -2.303854978,      -3.503854978,       2.796145022
          0,           0,         564,      -6.909736315,      -4.209736315,      -5.109736315,      -2.309736315,      -3.509736315,       2.790263685
          0,           0,         565,      -6.915611122,      -4.215611122,      -5.115611122,      -2.315611122,      -3.515611122,       2.784388878
          0,           0,         566,      -6.921479404,      -4.221479404,      -5.121479404,      -2.321479404,      -3.521479404,       2.778520596
          0,           0,         567,      -6.927341170,      -4.227341170,      -5.127341170,      -2.327341170,      -3.527341170,       2.772658830
          0,           0,         568,      -6.933196426,      -4.233196426,      -5.133196426,      -2.333196426,      -3.533196426,       2.766803574
          0,           0,         569,      -6.939045180,      -4.239045180,      -5.139045180,      -2.339045180,      -3.539045180,       2.760954820
          0,           0,         570,      -6.944887439,      -4.244887439,      -5.144887439,      -2.344887439,      -3.544887439,       2.755112561
          0,           0,         571,      -6.950723211,      -4.250723211,      -5.150723211,      -2.350723211,      -3.550723211,       2.749276789
          0,           0,         572,      -6.956552501,      -4.256552501,      -5.156552501,      -2.356552501,      -3.556552501,       2.743447499
          0,           0,         573,      -6.962375319,      -4.262375319,      -5.162375319,      -2.362375319,      -3.562375319,       2.737624681
          0,           0,         574,      -6.968191670,      -4.268191670,      -5.168191670,      -2.368191670,      -3.568191670,       2.731808330
          0,           0,         575,      -6.974001562,      -4.274001562,      -5.174001562,      -2.374001562,      -3.574001562,       2.725998438
          0,           0,         576,      -6.979805002,      -4.279805002,      -5.179805002,      -2.379805002,      -3.579805002,       2.720194998
          0,           0,         577,      -6.985601997,      -4.285601997,      -5.185601997,      -2.385601997,      -3.585601997,       2.714398003
          0,           0,         578,      -6.991392555,      -4.291392555,      -5.191392555,      -2.391392555,      -3.591392555,       2.708607445
          0,           0,         579,      -6.997176683,      -4.297176683,      -5.197176683,      -2.397176683,      -3.597176683,       2.702823317
          0,           0,         580,      -7.002954387,      -4.302954387,      -5.202954387,      -2.402954387,      -3.602954387,       2.697045613
          0,           0,         581,      -7.008725676,      -4.308725676,      -5.208725676,      -2.408725676,      -3.608725676,       2.691274324
          0,           0,         582,      -7.014490555,      -4.314490555,      -5.214490555,      -2.414490555,      -3.614490555,       2.685509445
          0,           0,         583,      -7.020249032,      -4.320249032,      -5.220249032,      -2.420249032,      -3.620249032,       2.679750968
          0,           0,         584,      -7.026001115,      -4.326001115,      -5.226001115,      -2.426001115,      -3.626001115,       2.673998885
          0,           0,         585,      -7.031746810,      -4.331746810,      -5.231746810,      -2.431746810,      -3.631746810,       2.668253190
          0,           0,         586,      -7.037486125,      -4.337486125,      -5.237486125,      -2.437486125,      -3.637486125,       2.662513875
          0,           0,         587,      -7.043219065,      -4.343219065,      -5.243219065,      -2.443219065,      -3.643219065,       2.656780935
          0,           0,         588,      -7.048945640,      -4.348945640,      -5.248945640,      -2.448945640,      -3.648945640,       2.651054360
          0,           0,         589,      -7.054665855,      -4.354665855,      -5.254665855,      -2.454665855,      -3.654665855,       2.645334145
          0,           0,         590,      -7.060379718,      -4.360379718,      -5.260379718,      -2.460379718,      -3.660379718,       2.639620282
          0,           0,         591,      -7.066087236,      -4.366087236,      -5.266087236,      -2.466087236,      -3.666087236,       2.633912764
          0,           0,         592,      -7.071788416,      -4.371788416,      -5.271788416,      -2.471788416,      -3.671788416,       2.628211584
          0,           0,         593,      -7.077483264,      -4.377483264,      -5.277483264,      -2.477483264,      -3.677483264,       2.622516736
          0,           0,         594,      -7.083171789,      -4.383171789,      -5.283171789,      -2.483171789,      -3.683171789,       2.616828211
          0,           0,         595,      -7.088853996,      -4.388853996,      -5.288853996,      -2.488853996,      -3.688853996,       2.611146004
          0,           0,         596,      -7.094529893,      -4.394529893,      -5.294529893,      -2.494529893,      -3.694529893,       2.605470107
          0,           0,         597,      -7.100199487,      -4.400199487,      -5.300199487,      -2.500199487,      -3.700199487,       2.599800513
          0,           0,         598,      -7.105862785,      -4.405862785,      -5.305862785,      -2.505862785,      -3.705862785,       2.594137215
          0,           0,         599,      -7.111519795,      -4.411519795,      -5.311519795,      -2.511519795,      -3.711519795,       2.588480205
          0,           0,         600,      -7.117170522,      -4.417170522,      -5.317170522,      -2.517170522,      -3.717170522,       2.582829478
          0,           0,         601,      -7.122814973,      -4.422814973,      -5.322814973,      -2.522814973,      -3.722814973,       2.577185027
          0,           0,         602,      -7.128453157,      -4.428453157,      -5.328453157,      -2.528453157,      -3.728453157,       2.571546843
          0,           0,         603,      -7.134085080,      -4.434085080,      -5.334085080,      -2.534085080,      -3.734085080,       2.565914920
          0,           0,         604,      -7.139710748,      -4.439710748,      -5.339710748,      -2.539710748,      -3.739710748,       2.560289252
          0,           0,         605,      -7.145330169,      -4.445330169,      -5.345330169,      -2.545330169,      -3.745330169,       2.554669831
          0,           0,         606,      -7.150943350,      -4.450943350,      -5.350943350,      -2.550943350,      -3.750943350,       2.549056650
          0,           0,         607,      -7.156550298,      -4.456550298,      -5.356550298,      -2.556550298,      -3.756550298,       2.543449702
          0,           0,         608,      -7.162151019,      -4.462151019,      -5.362151019,      -2.562151019,      -3.762151019,       2.537848981
          0,           0,         609,      -7.167745520,      -4.467745520,      -5.367745520,      -2.567745520,      -3.767745520,       2.532254480
          0,           0,         610,      -7.173333809,      -4.473333809,      -5.373333809,      -2.573333809,      -3.773333809,       2.526666191
          0,           0,         611,      -7.178915892,      -4.478915892,      -5.378915892,      -2.578915892,      -3.778915892,       2.521084108
          0,           0,         612,      -7.184491776,      -4.484491776,      -5.384491776,      -2.584491776,      -3.784491776,       2.515508224
          0,           0,         613,      -7.190061468,      -4.490061468,      -5.390061468,      -2.590061468,      -3.790061468,       2.509938532
          0,           0,         614,      -7.195624975,      -4.495624975,      -5.395624975,      -2.595624975,      -3.795624975,       2.504375025
          0,           0,         615,      -7.201182303,      -4.501182303,      -5.401182303,      -2.601182303,      -3.801182303,       2.498817697
          0,           0,         616,      -7.206733461,      -4.506733461,      -5.406733461,      -2.606733461,      -3.806733461,       2.493266539
          0,           0,         617,      -7.212278453,      -4.512278453,      -5.412278453,      -2.612278453,      -3.812278453,       2.487721547
          0,           0,         618,      -7.217817289,      -4.517817289,      -5.417817289,      -2.617817289,      -3.817817289,       2.482182711
          0,           0,         619,      -7.223349973,      -4.523349973,      -5.423349973,      -2.623349973,      -3.823349973,       2.476650027
          0,           0,         620,      -7.228876513,      -4.528876513,      -5.428876513,      -2.628876513,      -3.828876513,       2.471123487
          0,           0,         621,      -7.234396916,      -4.534396916,      -5.434396916,      -2.634396916,      -3.834396916,       2.465603084
          0,           0,         622,      -7.239911189,      -4.539911189,      -5.439911189,      -2.639911189,      -3.839911189,       2.460088811
          0,           0,         623,      -7.245419338,      -4.545419338,      -5.445419338,      -2.645419338,      -3.845419338,       2.454580662
          0,           0,         624,      -7.250921370,      -4.550921370,      -5.450921370,      -2.650921370,      -3.850921370,       2.449078630
          0,           0,         625,      -7.256417293,      -4.556417293,      -5.456417293,      -2.656417293,      -3.856417293,       2.443582707
          0,           0,         626,      -7.261907112,      -4.561907112,      -5.461907112,      -2.661907112,      -3.861907112,       2.438092888
          0,           0,         627,      -7.267390835,      -4.567390835,      -5.467390835,      -2.667390835,      -3.867390835,       2.432609165
          0,           0,         628,      -7.272868468,      -4.572868468,      -5.472868468,      -2.672868468,      -3.872868468,       2.427131532
          0,           0,         629,      -7.278340018,      -4.578340018,      -5.478340018,      -2.678340018,      -3.878340018,       2.421659982
          0,           0,         630,      -7.283805492,      -4.583805492,      -5.483805492,      -2.683805492,      -3.883805492,       2.416194508
          0,           0,         631,      -7.289264897,      -4.589264897,      -5.489264897,      -2.689264897,      -3.889264897,       2.410735103
          0,           0,         632,      -7.294718239,      -4.594718239,      -5.494718239,      -2.694718239,      -3.894718239,       2.405281761
          0,           0,         633,      -7.300165526,      -4.600165526,      -5.500165526,      -2.700165526,      -3.900165526,       2.399834474
          0,           0,         634,      -7.305606763,      -4.605606763,      -5.505606763,      -2.705606763,      -3.905606763,       2.394393237
          0,           0,         635,      -7.311041957,      -4.611041957,      -5.511041957,      -2.711041957,      -3.911041957,       2.388958043
          0,           0,         636,      -7.316471116,      -4.616471116,      -5.516471116,      -2.716471116,      -3.916471116,       2.383528884
          0,           0,         637,      -7.321894246,      -4.621894246,      -5.521894246,      -2.721894246,      -3.921894246,       2.378105754
          0,           0,         638,      -7.327311353,      -4.627311353,      -5.527311353,      -2.727311353,      -3.927311353,       2.372688647
          0,           0,         639,      -7.332722445,      -4.632722445,      -5.532722445,      -2.732722445,      -3.932722445,       2.367277555
          0,           0,         640,      -7.338127528,      -4.638127528,      -5.538127528,      -2.738127528,      -3.938127528,       2.361872472
          0,           0,         641,      -7.343526608,      -4.643526608,      -5.543526608,      -2.743526608,      -3.943526608,       2.356473392
          0,           0,         642,      -7.348919693,      -4.648919693,      -5.548919693,      -2.748919693,      -3.948919693,       2.351080307
          0,           0,         643,      -7.354306789,      -4.654306789,      -5.554306789,      -2.754306789,      -3.954306789,       2.345693211
          0,           0,         644,      -7.359687903,      -4.659687903,      -5.559687903,      -2.759687903,      -3.959687903,       2.340312097
          0,           0,         645,      -7.365063040,      -4.665063040,      -5.565063040,      -2.765063040,      -3.965063040,       2.334936960
          0,           0,         646,      -7.370432209,      -4.670432209,      -5.570432209,      -2.770432209,      -3.970432209,       2.329567791
          0,           0,         647,      -7.375795415,      -4.675795415,      -5.575795415,      -2.775795415,      -3.975795415,       2.324204585
          0,           0,         648,      -7.381152666,      -4.681152666,      -5.581152666,      -2.781152666,      -3.981152666,       2.318847334
          0,           0,         649,      -7.386503967,      -4.686503967,      -5.586503967,      -2.786503967,      -3.986503967,       2.313496033
          0,           0,         650,      -7.391849326,      -4.691849326,      -5.591849326,      -2.791849326,      -3.991849326,       2.308150674
          0,           0,         651,      -7.397188749,      -4.697188749,      -5.597188749,      -2.797188749,      -3.997188749,       2.302811251
          0,           0,         652,      -7.402522242,      -4.702522242,      -5.602522242,      -2.802522242,      -4.002522242,       2.297477758
          0,           0,         653,      -7.407849813,      -4.707849813,      -5.607849813,      -2.807849813,      -4.007849813,       2.292150187
          0,           0,         654,      -7.413171467,      -4.713171467,      -5.613171467,      -2.813171467,      -4.013171467,       2.286828533
          0,           0,         655,      -7.418487212,      -4.718487212,      -5.618487212,      -2.818487212,      -4.018487212,       2.281512788
          0,           0,         656,      -7.423797053,      -4.723797053,      -5.623797053,      -2.823797053,      -4.023797053,       2.276202947
          0,           0,         657,      -7.429100998,      -4.729100998,      -5.629100998,      -2.829100998,      -4.029100998,       2.270899002
          0,           0,         658,      -7.434399053,      -4.734399053,      -5.634399053,      -2.834399053,      -4.034399053,       2.265600947
          0,           0,         659,      -7.439691225,      -4.739691225,      -5.639691225,      -2.839691225,      -4.039691225,       2.260308775
          0,           0,         660,      -7.444977519,      -4.744977519,      -5.644977519,      -2.844977519,      -4.044977519,       2.255022481
          0,           0,         661,      -7.450257943,      -4.750257943,      -5.650257943,      -2.850257943,      -4.050257943,       2.249742057
          0,           0,         662,      -7.455532504,      -4.755532504,      -5.655532504,      -2.855532504,      -4.055532504,       2.244467496
          0,           0,         663,      -7.460801207,      -4.760801207,      -5.660801207,      -2.860801207,      -4.060801207,       2.239198793
          0,           0,         664,      -7.466064059,      -4.766064059,      -5.666064059,      -2.866064059,      -4.066064059,       2.233935941
          0,           0,         665,      -7.471321066,      -4.771321066,      -5.671321066,      -2.871321066,      -4.071321066,       2.228678934
          0,           0,         666,      -7.476572236,      -4.776572236,      -5.676572236,      -2.876572236,      -4.076572236,       2.223427764
          0,           0,         667,      -7.481817575,      -4.781817575,      -5.681817575,      -2.881817575,      -4.081817575,       2.218182425
          0,           0,         668,      -7.487057088,      -4.787057088,      -5.687057088,      -2.887057088,      -4.087057088,       2.212942912
          0,           0,         669,      -7.492290783,      -4.792290783,      -5.692290783,      -2.892290783,      -4.092290783,       2.207709217
          0,           0,         670,      -7.497518667,      -4.797518667,      -5.697518667,      -2.897518667,      -4.097518667,       2.202481333
          0,           0,         671,      -7.502740744,      -4.802740744,      -5.702740744,      -2.902740744,      -4.102740744,       2.197259256
          0,           0,         672,      -7.507957023,      -4.807957023,      -5.707957023,      -2.907957023,      -4.107957023,       2.192042977
          0,           0,         673,      -7.513167508,      -4.813167508,      -5.713167508,      -2.913167508,      -4.113167508,       2.186832492
          0,           0,         674,      -7.518372208,      -4.818372208,      -5.718372208,      -2.918372208,      -4.118372208,       2.181627792
          0,           0,         675,      -7.523571128,      -4.823571128,      -5.723571128,      -2.923571128,      -4.123571128,       2.176428872
          0,           0,         676,      -7.528764274,      -4.828764274,      -5.728764274,      -2.928764274,      -4.128764274,       2.171235726
          0,           0,         677,      -7.533951654,      -4.833951654,      -5.733951654,      -2.933951654,      -4.133951654,       2.166048346
          0,           0,         678,      -7.539133273,      -4.839133273,      -5.739133273,      -2.939133273,      -4.139133273,       2.160866727
          0,           0,         679,      -7.544309138,      -4.844309138,      -5.744309138,      -2.944309138,      -4.144309138,       2.155690862
          0,           0,         680,      -7.549479255,      -4.849479255,      -5.749479255,      -2.949479255,      -4.149479255,       2.150520745
          0,           0,         681,      -7.554643630,      -4.854643630,      -5.754643630,      -2.954643630,      -4.154643630,       2.145356370
          0,           0,         682,      -7.559802271,      -4.859802271,      -5.759802271,      -2.959802271,      -4.159802271,       2.140197729
          0,           0,         683,      -7.564955183,      -4.864955183,      -5.764955183,      -2.964955183,      -4.164955183,       2.135044817
          0,           0,         684,      -7.570102373,      -4.870102373,      -5.770102373,      -2.970102373,      -4.170102373,       2.129897627
          0,           0,         685,      -7.575243846,      -4.875243846,      -5.775243846,      -2.975243846,      -4.175243846,       2.124756154
          0,           0,         686,      -7.580379611,      -4.880379611,      -5.780379611,      -2.980379611,      -4.180379611,       2.119620389
          0,           0,         687,      -7.585509672,      -4.885509672,      -5.785509672,      -2.985509672,      -4.185509672,       2.114490328
          0,           0,         688,      -7.590634036,      -4.890634036,      -5.790634036,      -2.990634036,      -4.190634036,       2.109365964
          0,           0,         689,      -7.595752709,      -4.895752709,      -5.795752709,      -2.995752709,      -4.195752709,       2.104247291
          0,           0,         690,      -7.600865698,      -4.900865698,      -5.800865698,      -3.000865698,      -4.200865698,       2.099134302
          0,           0,         691,      -7.605973010,      -4.905973010,      -5.805973010,      -3.005973010,      -4.205973010,       2.094026990
          0,           0,         692,      -7.611074649,      -4.911074649,      -5.811074649,      -3.011074649,      -4.211074649,       2.088925351
          0,           0,         693,      -7.616170624,      -4.916170624,      -5.816170624,      -3.016170624,      -4.216170624,       2.083829376
          0,           0,         694,      -7.621260939,      -4.921260939,      -5.821260939,      -3.021260939,      -4.221260939,       2.078739061
          0,           0,         695,      -7.626345602,      -4.926345602,      -5.826345602,      -3.026345602,      -4.226345602,       2.073654398
          0,           0,         696,      -7.631424618,      -4.931424618,      -5.831424618,      -3.031424618,      -4.231424618,       2.068575382
          0,           0,         697,      -7.636497993,      -4.936497993,      -5.836497993,      -3.036497993,      -4.236497993,       2.063502007
          0,           0,         698,      -7.641565735,      -4.941565735,      -5.841565735,      -3.041565735,      -4.241565735,       2.058434265
          0,           0,         699,      -7.646627849,      -4.946627849,      -5.846627849,      -3.046627849,      -4.246627849,       2.053372151
          0,           0,         700,      -7.651684342,      -4.951684342,      -5.851684342,      -3.051684342,      -4.251684342,       2.048315658
          0,           0,         701,      -7.656735220,      -4.956735220,      -5.856735220,      -3.056735220,      -4.256735220,       2.043264780
          0,           0,         702,      -7.661780488,      -4.961780488,      -5.861780488,      -3.061780488,      -4.261780488,       2.038219512
          0,           0,         703,      -7.666820154,      -4.966820154,      -5.866820154,      -3.066820154,      -4.266820154,       2.033179846
          0,           0,         704,      -7.671854223,      -4.971854223,      -5.871854223,      -3.071854223,      -4.271854223,       2.028145777
          0,           0,         705,      -7.676882702,      -4.976882702,      -5.876882702,      -3.076882702,      -4.276882702,       2.023117298
          0,           0,         706,      -7.681905597,      -4.981905597,      -5.881905597,      -3.081905597,      -4.281905597,       2.018094403
          0,           0,         707,      -7.686922914,      -4.986922914,      -5.886922914,      -3.086922914,      -4.286922914,       2.013077086
          0,           0,         708,      -7.691934659,      -4.991934659,      -5.891934659,      -3.091934659,      -4.291934659,       2.008065341
          0,           0,         709,      -7.696940839,      -4.996940839,      -5.896940839,      -3.096940839,      -4.296940839,       2.003059161
          0,           0,         710,      -7.701941459,      -5.001941459,      -5.901941459,      -3.101941459,      -4.301941459,       1.998058541
          0,           0,         711,      -7.706936527,      -5.006936527,      -5.906936527,      -3.106936527,      -4.306936527,       1.993063473
          0,           0,         712,      -7.711926047,      -5.011926047,      -5.911926047,      -3.111926047,      -4.311926047,       1.988073953
          0,           0,         713,      -7.716910026,      -5.016910026,      -5.916910026,      -3.116910026,      -4.316910026,       1.983089974
          0,           0,         714,      -7.721888471,      -5.021888471,      -5.921888471,      -3.121888471,      -4.321888471,       1.978111529
          0,           0,         715,      -7.726861387,      -5.026861387,      -5.926861387,      -3.126861387,      -4.326861387,       1.973138613
          0,           0,         716,      -7.731828781,      -5.031828781,      -5.931828781,      -3.131828781,      -4.331828781,       1.968171219
          0,           0,         717,      -7.736790659,      -5.036790659,      -5.936790659,      -3.136790659,      -4.336790659,       1.963209341
          0,           0,         718,      -7.741747026,      -5.041747026,      -5.941747026,      -3.141747026,      -4.341747026,       1.958252974
          0,           0,         719,      -7.746697890,      -5.046697890,      -5.946697890,      -3.146697890,      -4.346697890,       1.953302110
          0,           0,         720,      -7.751643255,      -5.051643255,      -5.951643255,      -3.151643255,      -4.351643255,       1.948356745
          0,           0,         721,      -7.756583129,      -5.056583129,      -5.956583129,      -3.156583129,      -4.356583129,       1.943416871
          0,           0,         722,      -7.761517517,      -5.061517517,      -5.961517517,      -3.161517517,      -4.361517517,       1.938482483
          0,           0,         723,      -7.766446425,      -5.066446425,      -5.966446425,      -3.166446425,      -4.366446425,       1.933553575
          0,           0,         724,      -7.771369860,      -5.071369860,      -5.971369860,      -3.171369860,      -4.371369860,       1.928630140
          0,           0,         725,      -7.776287828,      -5.076287828,      -5.976287828,      -3.176287828,      -4.376287828,       1.923712172
          0,           0,         726,      -7.781200334,      -5.081200334,      -5.981200334,      -3.181200334,      -4.381200334,       1.918799666
          0,           0,         727,      -7.786107385,      -5.086107385,      -5.986107385,      -3.186107385,      -4.386107385,       1.913892615
          0,           0,         728,      -7.791008986,      -5.091008986,      -5.991008986,      -3.191008986,      -4.391008986,       1.908991014
          0,           0,         729,      -7.795905144,      -5.095905144,      -5.995905144,      -3.195905144,      -4.395905144,       1.904094856
          0,           0,         730,      -7.800795866,      -5.100795866,      -6.000795866,      -3.200795866,      -4.400795866,       1.899204134
          0,           0,         731,      -7.805681156,      -5.105681156,      -6.005681156,      -3.205681156,      -4.405681156,       1.894318844
          0,           0,         732,      -7.810561021,      -5.110561021,      -6.010561021,      -3.210561021,      -4.410561021,       1.889438979
          0,           0,         733,      -7.815435466,      -5.115435466,      -6.015435466,      -3.215435466,      -4.415435466,       1.884564534
          0,           0,         734,      -7.820304499,      -5.120304499,      -6.020304499,      -3.220304499,      -4.420304499,       1.879695501
          0,           0,         735,      -7.825168125,      -5.125168125,      -6.025168125,      -3.225168125,      -4.425168125,       1.874831875
          0,           0,         736,      -7.830026350,      -5.130026350,      -6.030026350,      -3.230026350,      -4.430026350,       1.869973650
          0,           0,         737,      -7.834879180,      -5.134879180,      -6.034879180,      -3.234879180,      -4.434879180,       1.865120820
          0,           0,         738,      -7.839726620,      -5.139726620,      -6.039726620,      -3.239726620,      -4.439726620,       1.860273380
          0,           0,         739,      -7.844568678,      -5.144568678,      -6.044568678,      -3.244568678,      -4.444568678,       1.855431322
          0,           0,         740,      -7.849405359,      -5.149405359,      -6.049405359,      -3.249405359,      -4.449405359,       1.850594641
          0,           0,         741,      -7.854236668,      -5.154236668,      -6.054236668,      -3.254236668,      -4.454236668,       1.845763332
          0,           0,         742,      -7.859062612,      -5.159062612,      -6.059062612,      -3.259062612,      -4.459062612,       1.840937388
          0,           0,         743,      -7.863883198,      -5.163883198,      -6.063883198,      -3.263883198,      -4.463883198,       1.836116802
          0,           0,         744,      -7.868698430,      -5.168698430,      -6.068698430,      -3.268698430,      -4.468698430,       1.831301570
          0,           0,         745,      -7.873508314,      -5.173508314,      -6.073508314,      -3.273508314,      -4.473508314,       1.826491686
          0,           0,         746,      -7.878312858,      -5.178312858,      -6.078312858,      -3.278312858,      -4.478312858,       1.821687142
          0,           0,         747,      -7.883112065,      -5.183112065,      -6.083112065,      -3.283112065,      -4.483112065,       1.816887935
          0,           0,         748,      -7.887905944,      -5.187905944,      -6.087905944,      -3.287905944,      -4.487905944,       1.812094056
          0,           0,         749,      -7.892694499,      -5.192694499,      -6.092694499,      -3.292694499,      -4.492694499,       1.807305501
          0,           0,         750,      -7.897477736,      -5.197477736,      -6.097477736,      -3.297477736,      -4.497477736,       1.802522264
          0,           0,         751,      -7.902255661,      -5.202255661,      -6.102255661,      -3.302255661,      -4.502255661,       1.797744339
          0,           0,         752,      -7.907028281,      -5.207028281,      -6.107028281,      -3.307028281,      -4.507028281,       1.792971719
          0,           0,         753,      -7.911795600,      -5.211795600,      -6.111795600,      -3.311795600,      -4.511795600,       1.788204400
          0,           0,         754,      -7.916557626,      -5.216557626,      -6.116557626,      -3.316557626,      -4.516557626,       1.783442374
          0,           0,         755,      -7.921314363,      -5.221314363,      -6.121314363,      -3.321314363,      -4.521314363,       1.778685637
          0,           0,         756,      -7.926065818,      -5.226065818,      -6.126065818,      -3.326065818,      -4.526065818,       1.773934182
          0,           0,         757,      -7.930811997,      -5.230811997,      -6.130811997,      -3.330811997,      -4.530811997,       1.769188003
          0,           0,         758,      -7.935552904,      -5.235552904,      -6.135552904,      -3.335552904,      -4.535552904,       1.764447096
          0,           0,         759,      -7.940288548,      -5.240288548,      -6.140288548,      -3.340288548,      -4.540288548,       1.759711452
          0,           0,         760,      -7.945018932,      -5.245018932,      -6.145018932,      -3.345018932,      -4.545018932,       1.754981068
          0,           0,         761,      -7.949744063,      -5.249744063,      -6.149744063,      -3.349744063,      -4.549744063,       1.750255937
          0,           0,         762,      -7.954463947,      -5.254463947,      -6.154463947,      -3.354463947,      -4.554463947,       1.745536053
          0,           0,         763,      -7.959178590,      -5.259178590,      -6.159178590,      -3.359178590,      -4.559178590,       1.740821410
          0,           0,         764,      -7.963887997,      -5.263887997,      -6.163887997,      -3.363887997,      -4.563887997,       1.736112003
          0,           0,         765,      -7.968592174,      -5.268592174,      -6.168592174,      -3.368592174,      -4.568592174,       1.731407826
          0,           0,         766,      -7.973291127,      -5.273291127,      -6.173291127,      -3.373291127,      -4.573291127,       1.726708873
          0,           0,         767,      -7.977984862,      -5.277984862,      -6.177984862,      -3.377984862,      -4.577984862,       1.722015138
          0,           0,         768,      -7.982673385,      -5.282673385,      -6.182673385,      -3.382673385,      -4.582673385,       1.717326615
          0,           0,         769,      -7.987356701,      -5.287356701,      -6.187356701,      -3.387356701,      -4.587356701,       1.712643299
          0,           0,         770,      -7.992034816,      -5.292034816,      -6.192034816,      -3.392034816,      -4.592034816,       1.707965184
          0,           0,         771,      -7.996707737,      -5.296707737,      -6.196707737,      -3.396707737,      -4.596707737,       1.703292263
          0,           0,         772,      -8.001375468,      -5.301375468,      -6.201375468,      -3.401375468,      -4.601375468,       1.698624532
          0,           0,         773,      -8.006038015,      -5.306038015,      -6.206038015,      -3.406038015,      -4.606038015,       1.693961985
          0,           0,         774,      -8.010695385,      -5.310695385,      -6.210695385,      -3.410695385,      -4.610695385,       1.689304615
          0,           0,         775,      -8.015347583,      -5.315347583,      -6.215347583,      -3.415347583,      -4.615347583,       1.684652417
          0,           0,         776,      -8.019994615,      -5.319994615,      -6.219994615,      -3.419994615,      -4.619994615,       1.680005385
          0,           0,         777,      -8.024636486,      -5.324636486,      -6.224636486,      -3.424636486,      -4.624636486,       1.675363514
          0,           0,         778,      -8.029273202,      -5.329273202,      -6.229273202,      -3.429273202,      -4.629273202,       1.670726798
          0,           0,         779,      -8.033904769,      -5.333904769,      -6.233904769,      -3.433904769,      -4.633904769,       1.666095231
          0,           0,         780,      -8.038531193,      -5.338531193,      -6.238531193,      -3.438531193,      -4.638531193,       1.661468807
          0,           0,         781,      -8.043152480,      -5.343152480,      -6.243152480,      -3.443152480,      -4.643152480,       1.656847520
          0,           0,         782,      -8.047768634,      -5.347768634,      -6.247768634,      -3.447768634,      -4.647768634,       1.652231366
          0,           0,         783,      -8.052379662,      -5.352379662,      -6.252379662,      -3.452379662,      -4.652379662,       1.647620338
          0,           0,         784,      -8.056985570,      -5.356985570,      -6.256985570,      -3.456985570,      -4.656985570,       1.643014430
          0,           0,         785,      -8.061586363,      -5.361586363,      -6.261586363,      -3.461586363,      -4.661586363,       1.638413637
          0,           0,         786,      -8.066182047,      -5.366182047,      -6.266182047,      -3.466182047,      -4.666182047,       1.633817953
          0,           0,         787,      -8.070772627,      -5.370772627,      -6.270772627,      -3.470772627,      -4.670772627,       1.629227373
          0,           0,         788,      -8.075358110,      -5.375358110,      -6.275358110,      -3.475358110,      -4.675358110,       1.624641890
          0,           0,         789,      -8.079938500,      -5.379938500,      -6.279938500,      -3.479938500,      -4.679938500,       1.620061500
          0,           0,         790,      -8.084513804,      -5.384513804,      -6.284513804,      -3.484513804,      -4.684513804,       1.615486196
          0,           0,         791,      -8.089084027,      -5.389084027,      -6.289084027,      -3.489084027,      -4.689084027,       1.610915973
          0,           0,         792,      -8.093649174,      -5.393649174,      -6.293649174,      -3.493649174,      -4.693649174,       1.606350826
          0,           0,         793,      -8.098209253,      -5.398209253,      -6.298209253,      -3.498209253,      -4.698209253,       1.601790747
          0,           0,         794,      -8.102764267,      -5.402764267,      -6.302764267,      -3.502764267,      -4.702764267,       1.597235733
          0,           0,         795,      -8.107314223,      -5.407314223,      -6.307314223,      -3.507314223,      -4.707314223,       1.592685777
          0,           0,         796,      -8.111859126,      -5.411859126,      -6.311859126,      -3.511859126,      -4.711859126,       1.588140874
          0,           0,         797,      -8.116398982,      -5.416398982,      -6.316398982,      -3.516398982,      -4.716398982,       1.583601018
          0,           0,         798,      -8.120933797,      -5.420933797,      -6.320933797,      -3.520933797,      -4.720933797,       1.579066203
          0,           0,         799,      -8.125463575,      -5.425463575,      -6.325463575,      -3.525463575,      -4.725463575,       1.574536425
          0,           0,         800,      -8.129988324,      -5.429988324,      -6.329988324,      -3.529988324,      -4.729988324,       1.570011676
          0,           0,         801,      -8.134508048,      -5.434508048,      -6.334508048,      -3.534508048,      -4.734508048,       1.565491952
          0,           0,         802,      -8.139022752,      -5.439022752,      -6.339022752,      -3.539022752,      -4.739022752,       1.560977248
          0,           0,         803,      -8.143532443,      -5.443532443,      -6.343532443,      -3.543532443,      -4.743532443,       1.556467557
          0,           0,         804,      -8.148037127,      -5.448037127,      -6.348037127,      -3.548037127,      -4.748037127,       1.551962873
          0,           0,         805,      -8.152536807,      -5.452536807,      -6.352536807,      -3.552536807,      -4.752536807,       1.547463193
          0,           0,         806,      -8.157031491,      -5.457031491,      -6.357031491,      -3.557031491,      -4.757031491,       1.542968509
          0,           0,         807,      -8.161521184,      -5.461521184,      -6.361521184,      -3.561521184,      -4.761521184,       1.538478816
          0,           0,         808,      -8.166005890,      -5.466005890,      -6.366005890,      -3.566005890,      -4.766005890,       1.533994110
          0,           0,         809,      -8.170485617,      -5.470485617,      -6.370485617,      -3.570485617,      -4.770485617,       1.529514383
          0,           0,         810,      -8.174960369,      -5.474960369,      -6.374960369,      -3.574960369,      -4.774960369,       1.525039631
          0,           0,         811,      -8.179430151,      -5.479430151,      -6.379430151,      -3.579430151,      -4.779430151,       1.520569849
          0,           0,         812,      -8.183894970,      -5.483894970,      -6.383894970,      -3.583894970,      -4.783894970,       1.516105030
          0,           0,         813,      -8.188354831,      -5.488354831,      -6.388354831,      -3.588354831,      -4.788354831,       1.511645169
          0,           0,         814,      -8.192809739,      -5.492809739,      -6.392809739,      -3.592809739,      -4.792809739,       1.507190261
          0,           0,         815,      -8.197259700,      -5.497259700,      -6.397259700,      -3.597259700,      -4.797259700,       1.502740300
          0,           0,         816,      -8.201704719,      -5.501704719,      -6.401704719,      -3.601704719,      -4.801704719,       1.498295281
          0,           0,         817,      -8.206144802,      -5.506144802,      -6.406144802,      -3.606144802,      -4.806144802,       1.493855198
          0,           0,         818,      -8.210579955,      -5.510579955,      -6.410579955,      -3.610579955,      -4.810579955,       1.489420045
          0,           0,         819,      -8.215010182,      -5.515010182,      -6.415010182,      -3.615010182,      -4.815010182,       1.484989818
          0,           0,         820,      -8.219435490,      -5.519435490,      -6.419435490,      -3.619435490,      -4.819435490,       1.480564510
          0,           0,         821,      -8.223855883,      -5.523855883,      -6.423855883,      -3.623855883,      -4.823855883,       1.476144117
          0,           0,         822,      -8.228271367,      -5.528271367,      -6.428271367,      -3.628271367,      -4.828271367,       1.471728633
          0,           0,         823,      -8.232681948,      -5.532681948,      -6.432681948,      -3.632681948,      -4.832681948,       1.467318052
          0,           0,         824,      -8.237087631,      -5.537087631,      -6.437087631,      -3.637087631,      -4.837087631,       1.462912369
          0,           0,         825,      -8.241488422,      -5.541488422,      -6.441488422,      -3.641488422,      -4.841488422,       1.458511578
          0,           0,         826,      -8.245884326,      -5.545884326,      -6.445884326,      -3.645884326,      -4.845884326,       1.454115674
          0,           0,         827,      -8.250275348,      -5.550275348,      -6.450275348,      -3.650275348,      -4.850275348,       1.449724652
          0,           0,         828,      -8.254661493,      -5.554661493,      -6.454661493,      -3.654661493,      -4.854661493,       1.445338507
          0,           0,         829,      -8.259042768,      -5.559042768,      -6.459042768,      -3.659042768,      -4.859042768,       1.440957232
          0,           0,         830,      -8.263419178,      -5.563419178,      -6.463419178,      -3.663419178,      -4.863419178,       1.436580822
          0,           0,         831,      -8.267790727,      -5.567790727,      -6.467790727,      -3.667790727,      -4.867790727,       1.432209273
          0,           0,         832,      -8.272157422,      -5.572157422,      -6.472157422,      -3.672157422,      -4.872157422,       1.427842578
          0,           0,         833,      -8.276519268,      -5.576519268,      -6.476519268,      -3.676519268,      -4.876519268,       1.423480732
          0,           0,         834,      -8.280876270,      -5.580876270,      -6.480876270,      -3.680876270,      -4.880876270,       1.419123730
          0,           0,         835,      -8.285228434,      -5.585228434,      -6.485228434,      -3.685228434,      -4.885228434,       1.414771566
          0,           0,         836,      -8.289575764,      -5.589575764,      -6.489575764,      -3.689575764,      -4.889575764,       1.410424236
          0,           0,         837,      -8.293918267,      -5.593918267,      -6.493918267,      -3.693918267,      -4.893918267,       1.406081733
          0,           0,         838,      -8.298255948,      -5.598255948,      -6.498255948,      -3.698255948,      -4.898255948,       1.401744052
          0,           0,         839,      -8.302588811,      -5.602588811,      -6.502588811,      -3.702588811,      -4.902588811,       1.397411189
          0,           0,         840,      -8.306916863,      -5.606916863,      -6.506916863,      -3.706916863,      -4.906916863,       1.393083137
          0,           0,         841,      -8.311240109,      -5.611240109,      -6.511240109,      -3.711240109,      -4.911240109,       1.388759891
          0,           0,         842,      -8.315558554,      -5.615558554,      -6.515558554,      -3.715558554,      -4.915558554,       1.384441446
          0,           0,         843,      -8.319872203,      -5.619872203,      -6.519872203,      -3.719872203,      -4.919872203,       1.380127797
          0,           0,         844,      -8.324181062,      -5.624181062,      -6.524181062,      -3.724181062,      -4.924181062,       1.375818938
          0,           0,         845,      -8.328485136,      -5.628485136,      -6.528485136,      -3.728485136,      -4.928485136,       1.371514864
          0,           0,         846,      -8.332784430,      -5.632784430,      -6.532784430,      -3.732784430,      -4.932784430,       1.367215570
          0,           0,         847,      -8.337078950,      -5.637078950,      -6.537078950,      -3.737078950,      -4.937078950,       1.362921050
          0,           0,         848,      -8.341368701,      -5.641368701,      -6.541368701,      -3.741368701,      -4.941368701,       1.358631299
          0,           0,         849,      -8.345653688,      -5.645653688,      -6.545653688,      -3.745653688,      -4.945653688,       1.354346312
          0,           0,         850,      -8.349933917,      -5.649933917,      -6.549933917,      -3.749933917,      -4.949933917,       1.350066083
          0,           0,         851,      -8.354209392,      -5.654209392,      -6.554209392,      -3.754209392,      -4.954209392,       1.345790608
          0,           0,         852,      -8.358480120,      -5.658480120,      -6.558480120,      -3.758480120,      -4.958480120,       1.341519880
          0,           0,         853,      -8.362746105,      -5.662746105,      -6.562746105,      -3.762746105,      -4.962746105,       1.337253895
          0,           0,         854,      -8.367007352,      -5.667007352,      -6.567007352,      -3.767007352,      -4.967007352,       1.332992648
          0,           0,         855,      -8.371263868,      -5.671263868,      -6.571263868,      -3.771263868,      -4.971263868,       1.328736132
          0,           0,         856,      -8.375515657,      -5.675515657,      -6.575515657,      -3.775515657,      -4.975515657,       1.324484343
          0,           0,         857,      -8.379762724,      -5.679762724,      -6.579762724,      -3.779762724,      -4.979762724,       1.320237276
          0,           0,         858,      -8.384005074,      -5.684005074,      -6.584005074,      -3.784005074,      -4.984005074,       1.315994926
          0,           0,         859,      -8.388242714,      -5.688242714,      -6.588242714,      -3.788242714,      -4.988242714,       1.311757286
          0,           0,         860,      -8.392475648,      -5.692475648,      -6.592475648,      -3.792475648,      -4.992475648,       1.307524352
          0,           0,         861,      -8.396703881,      -5.696703881,      -6.596703881,      -3.796703881,      -4.996703881,       1.303296119
          0,           0,         862,      -8.400927419,      -5.700927419,      -6.600927419,      -3.800927419,      -5.000927419,       1.299072581
          0,           0,         863,      -8.405146266,      -5.705146266,      -6.605146266,      -3.805146266,      -5.005146266,       1.294853734
          0,           0,         864,      -8.409360429,      -5.709360429,      -6.609360429,      -3.809360429,      -5.009360429,       1.290639571
          0,           0,         865,      -8.413569912,      -5.713569912,      -6.613569912,      -3.813569912,      -5.013569912,       1.286430088
          0,           0,         866,      -8.417774720,      -5.717774720,      -6.617774720,      -3.817774720,      -5.017774720,       1.282225280
          0,           0,         867,      -8.421974858,      -5.721974858,      -6.621974858,      -3.821974858,      -5.021974858,       1.278025142
          0,           0,         868,      -8.426170333,      -5.726170333,      -6.626170333,      -3.826170333,      -5.026170333,       1.273829667
          0,           0,         869,      -8.430361148,      -5.730361148,      -6.630361148,      -3.830361148,      -5.030361148,       1.269638852
          0,           0,         870,      -8.434547310,      -5.734547310,      -6.634547310,      -3.834547310,      -5.034547310,       1.265452690
          0,           0,         871,      -8.438728823,      -5.738728823,      -6.638728823,      -3.838728823,      -5.038728823,       1.261271177
          0,           0,         872,      -8.442905692,      -5.742905692,      -6.642905692,      -3.842905692,      -5.042905692,       1.257094308
          0,           0,         873,      -8.447077923,      -5.747077923,      -6.647077923,      -3.847077923,      -5.047077923,       1.252922077
          0,           0,         874,      -8.451245520,      -5.751245520,      -6.651245520,      -3.851245520,      -5.051245520,       1.248754480
          0,           0,         875,      -8.455408490,      -5.755408490,      -6.655408490,      -3.855408490,      -5.055408490,       1.244591510
          0,           0,         876,      -8.459566837,      -5.759566837,      -6.659566837,      -3.859566837,      -5.059566837,       1.240433163
          0,           0,         877,      -8.463720565,      -5.763720565,      -6.663720565,      -3.863720565,      -5.063720565,       1.236279435
          0,           0,         878,      -8.467869682,      -5.767869682,      -6.667869682,      -3.867869682,      -5.067869682,       1.232130318
          0,           0,         879,      -8.472014190,      -5.772014190,      -6.672014190,      -3.872014190,      -5.072014190,       1.227985810
          0,           0,         880,      -8.476154096,      -5.776154096,      -6.676154096,      -3.876154096,      -5.076154096,       1.223845904
          0,           0,         881,      -8.480289405,      -5.780289405,      -6.680289405,      -3.880289405,      -5.080289405,       1.219710595
          0,           0,         882,      -8.484420121,      -5.784420121,      -6.684420121,      -3.884420121,      -5.084420121,       1.215579879
          0,           0,         883,      -8.488546251,      -5.788546251,      -6.688546251,      -3.888546251,      -5.088546251,       1.211453749
          0,           0,         884,      -8.492667798,      -5.792667798,      -6.692667798,      -3.892667798,      -5.092667798,       1.207332202
          0,           0,         885,      -8.496784768,      -5.796784768,      -6.696784768,      -3.896784768,      -5.096784768,       1.203215232
          0,           0,         886,      -8.500897167,      -5.800897167,      -6.700897167,      -3.900897167,      -5.100897167,       1.199102833
          0,           0,         887,      -8.505004999,      -5.805004999,      -6.705004999,      -3.905004999,      -5.105004999,       1.194995001
          0,           0,         888,      -8.509108269,      -5.809108269,      -6.709108269,      -3.909108269,      -5.109108269,       1.190891731
          0,           0,         889,      -8.513206982,      -5.813206982,      -6.713206982,      -3.913206982,      -5.113206982,       1.186793018
          0,           0,         890,      -8.517301144,      -5.817301144,      -6.717301144,      -3.917301144,      -5.117301144,       1.182698856
          0,           0,         891,      -8.521390759,      -5.821390759,      -6.721390759,      -3.921390759,      -5.121390759,       1.178609241
          0,           0,         892,      -8.525475833,      -5.825475833,      -6.725475833,      -3.925475833,      -5.125475833,       1.174524167
          0,           0,         893,      -8.529556370,      -5.829556370,      -6.729556370,      -3.929556370,      -5.129556370,       1.170443630
          0,           0,         894,      -8.533632376,      -5.833632376,      -6.733632376,      -3.933632376,      -5.133632376,       1.166367624
          0,           0,         895,      -8.537703855,      -5.837703855,      -6.737703855,      -3.937703855,      -5.137703855,       1.162296145
          0,           0,         896,      -8.541770813,      -5.841770813,      -6.741770813,      -3.941770813,      -5.141770813,       1.158229187
          0,           0,         897,      -8.545833255,      -5.845833255,      -6.745833255,      -3.945833255,      -5.145833255,       1.154166745
          0,           0,         898,      -8.549891185,      -5.849891185,      -6.749891185,      -3.949891185,      -5.149891185,       1.150108815
          0,           0,         899,      -8.553944610,      -5.853944610,      -6.753944610,      -3.953944610,      -5.153944610,       1.146055390
          0,           0,         900,      -8.557993532,      -5.857993532,      -6.757993532,      -3.957993532,      -5.157993532,       1.142006468
          0,           0,         901,      -8.562037959,      -5.862037959,      -6.762037959,      -3.962037959,      -5.162037959,       1.137962041
          0,           0,         902,      -8.566077894,      -5.866077894,      -6.766077894,      -3.966077894,      -5.166077894,       1.133922106
          0,           0,         903,      -8.570113343,      -5.870113343,      -6.770113343,      -3.970113343,      -5.170113343,       1.129886657
          0,           0,         904,      -8.574144311,      -5.874144311,      -6.774144311,      -3.974144311,      -5.174144311,       1.125855689
          0,           0,         905,      -8.578170802,      -5.878170802,      -6.778170802,      -3.978170802,      -5.178170802,       1.121829198
          0,           0,         906,      -8.582192822,      -5.882192822,      -6.782192822,      -3.982192822,      -5.182192822,       1.117807178
          0,           0,         907,      -8.586210375,      -5.886210375,      -6.786210375,      -3.986210375,      -5.186210375,       1.113789625
          0,           0,         908,      -8.590223467,      -5.890223467,      -6.790223467,      -3.990223467,      -5.190223467,       1.109776533
          0,           0,         909,      -8.594232102,      -5.894232102,      -6.794232102,      -3.994232102,      -5.194232102,       1.105767898
          0,           0,         910,      -8.598236286,      -5.898236286,      -6.798236286,      -3.998236286,      -5.198236286,       1.101763714
          0,           0,         911,      -8.602236023,      -5.902236023,      -6.802236023,      -4.002236023,      -5.202236023,       1.097763977
          0,           0,         912,      -8.606231319,      -5.906231319,      -6.806231319,      -4.006231319,      -5.206231319,       1.093768681
          0,           0,         913,      -8.610222178,      -5.910222178,      -6.810222178,      -4.010222178,      -5.210222178,       1.089777822
          0,           0,         914,      -8.614208604,      -5.914208604,      -6.814208604,      -4.014208604,      -5.214208604,       1.085791396
          0,           0,         915,      -8.618190604,      -5.918190604,      -6.818190604,      -4.018190604,      -5.218190604,       1.081809396
          0,           0,         916,      -8.622168183,      -5.922168183,      -6.822168183,      -4.022168183,      -5.222168183,       1.077831817
          0,           0,         917,      -8.626141343,      -5.926141343,      -6.826141343,      -4.026141343,      -5.226141343,       1.073858657
          0,           0,         918,      -8.630110092,      -5.930110092,      -6.830110092,      -4.030110092,      -5.230110092,       1.069889908
          0,           0,         919,      -8.634074434,      -5.934074434,      -6.834074434,      -4.034074434,      -5.234074434,       1.065925566
          0,           0,         920,      -8.638034373,      -5.938034373,      -6.838034373,      -4.038034373,      -5.238034373,       1.061965627
          0,           0,         921,      -8.641989915,      -5.941989915,      -6.841989915,      -4.041989915,      -5.241989915,       1.058010085
          0,           0,         922,      -8.645941064,      -5.945941064,      -6.845941064,      -4.045941064,      -5.245941064,       1.054058936
          0,           0,         923,      -8.649887825,      -5.949887825,      -6.849887825,      -4.049887825,      -5.249887825,       1.050112175
          0,           0,         924,      -8.653830203,      -5.953830203,      -6.853830203,      -4.053830203,      -5.253830203,       1.046169797
          0,           0,         925,      -8.657768204,      -5.957768204,      -6.857768204,      -4.057768204,      -5.257768204,       1.042231796
          0,           0,         926,      -8.661701831,      -5.961701831,      -6.861701831,      -4.061701831,      -5.261701831,       1.038298169
          0,           0,         927,      -8.665631090,      -5.965631090,      -6.865631090,      -4.065631090,      -5.265631090,       1.034368910
          0,           0,         928,      -8.669555986,      -5.969555986,      -6.869555986,      -4.069555986,      -5.269555986,       1.030444014
          0,           0,         929,      -8.673476523,      -5.973476523,      -6.873476523,      -4.073476523,      -5.273476523,       1.026523477
          0,           0,         930,      -8.677392706,      -5.977392706,      -6.877392706,      -4.077392706,      -5.277392706,       1.022607294
          0,           0,         931,      -8.681304541,      -5.981304541,      -6.881304541,      -4.081304541,      -5.281304541,       1.018695459
          0,           0,         932,      -8.685212031,      -5.985212031,      -6.885212031,      -4.085212031,      -5.285212031,       1.014787969
          0,           0,         933,      -8.689115182,      -5.989115182,      -6.889115182,      -4.089115182,      -5.289115182,       1.010884818
          0,           0,         934,      -8.693013999,      -5.993013999,      -6.893013999,      -4.093013999,      -5.293013999,       1.006986001
          0,           0,         935,      -8.696908486,      -5.996908486,      -6.896908486,      -4.096908486,      -5.296908486,       1.003091514
          0,           0,         936,      -8.700798649,      -6.000798649,      -6.900798649,      -4.100798649,      -5.300798649,       0.999201351
          0,           0,         937,      -8.704684491,      -6.004684491,      -6.904684491,      -4.104684491,      -5.304684491,       0.995315509
          0,           0,         938,      -8.708566018,      -6.008566018,      -6.908566018,      -4.108566018,      -5.308566018,       0.991433982
          0,           0,         939,      -8.712443235,      -6.012443235,      -6.912443235,      -4.112443235,      -5.312443235,       0.987556765
          0,           0,         940,      -8.716316146,      -6.016316146,      -6.916316146,      -4.116316146,      -5.316316146,       0.983683854
          0,           0,         941,      -8.720184756,      -6.020184756,      -6.920184756,      -4.120184756,      -5.320184756,       0.979815244
          0,           0,         942,      -8.724049070,      -6.024049070,      -6.924049070,      -4.124049070,      -5.324049070,       0.975950930
          0,           0,         943,      -8.727909093,      -6.027909093,      -6.927909093,      -4.127909093,      -5.327909093,       0.972090907
          0,           0,         944,      -8.731764829,      -6.031764829,      -6.931764829,      -4.131764829,      -5.331764829,       0.968235171
          0,           0,         945,      -8.735616284,      -6.035616284,      -6.935616284,      -4.135616284,      -5.335616284,       0.964383716
          0,           0,         946,      -8.739463461,      -6.039463461,      -6.939463461,      -4.139463461,      -5.339463461,       0.960536539
          0,           0,         947,      -8.743306367,      -6.043306367,      -6.943306367,      -4.143306367,      -5.343306367,       0.956693633
          0,           0,         948,      -8.747145004,      -6.047145004,      -6.947145004,      -4.147145004,      -5.347145004,       0.952854996
          0,           0,         949,      -8.750979379,      -6.050979379,      -6.950979379,      -4.150979379,      -5.350979379,       0.949020621
          0,           0,         950,      -8.754809496,      -6.054809496,      -6.954809496,      -4.154809496,      -5.354809496,       0.945190504
          0,           0,         951,      -8.758635360,      -6.058635360,      -6.958635360,      -4.158635360,      -5.358635360,       0.941364640
          0,           0,         952,      -8.762456975,      -6.062456975,      -6.962456975,      -4.162456975,      -5.362456975,       0.937543025
          0,           0,         953,      -8.766274346,      -6.066274346,      -6.966274346,      -4.166274346,      -5.366274346,       0.933725654
          0,           0,         954,      -8.770087478,      -6.070087478,      -6.970087478,      -4.170087478,      -5.370087478,       0.929912522
          0,           0,         955,      -8.773896375,      -6.073896375,      -6.973896375,      -4.173896375,      -5.373896375,       0.926103625
          0,           0,         956,      -8.777701043,      -6.077701043,      -6.977701043,      -4.177701043,      -5.377701043,       0.922298957
          0,           0,         957,      -8.781501486,      -6.081501486,      -6.981501486,      -4.181501486,      -5.381501486,       0.918498514
          0,           0,         958,      -8.785297708,      -6.085297708,      -6.985297708,      -4.185297708,      -5.385297708,       0.914702292
          0,           0,         959,      -8.789089714,      -6.089089714,      -6.989089714,      -4.189089714,      -5.389089714,       0.910910286
          0,           0,         960,      -8.792877510,      -6.092877510,      -6.992877510,      -4.192877510,      -5.392877510,       0.907122490
          0,           0,         961,      -8.796661099,      -6.096661099,      -6.996661099,      -4.196661099,      -5.396661099,       0.903338901
          0,           0,         962,      -8.800440487,      -6.100440487,      -7.000440487,      -4.200440487,      -5.400440487,       0.899559513
          0,           0,         963,      -8.804215678,      -6.104215678,      -7.004215678,      -4.204215678,      -5.404215678,       0.895784322
          0,           0,         964,      -8.807986676,      -6.107986676,      -7.007986676,      -4.207986676,      -5.407986676,       0.892013324
          0,           0,         965,      -8.811753486,      -6.111753486,      -7.011753486,      -4.211753486,      -5.411753486,       0.888246514
          0,           0,         966,      -8.815516114,      -6.115516114,      -7.015516114,      -4.215516114,      -5.415516114,       0.884483886
          0,           0,         967,      -8.819274563,      -6.119274563,      -7.019274563,      -4.219274563,      -5.419274563,       0.880725437
          0,           0,         968,      -8.823028839,      -6.123028839,      -7.023028839,      -4.223028839,      -5.423028839,       0.876971161
          0,           0,         969,      -8.826778945,      -6.126778945,      -7.026778945,      -4.226778945,      -5.426778945,       0.873221055
          0,           0,         970,      -8.830524887,      -6.130524887,      -7.030524887,      -4.230524887,      -5.430524887,       0.869475113
          0,           0,         971,      -8.834266669,      -6.134266669,      -7.034266669,      -4.234266669,      -5.434266669,       0.865733331
          0,           0,         972,      -8.838004296,      -6.138004296,      -7.038004296,      -4.238004296,      -5.438004296,       0.861995704
          0,           0,         973,      -8.841737772,      -6.141737772,      -7.041737772,      -4.241737772,      -5.441737772,       0.858262228
          0,           0,         974,      -8.845467103,      -6.145467103,      -7.045467103,      -4.245467103,      -5.445467103,       0.854532897
          0,           0,         975,      -8.849192291,      -6.149192291,      -7.049192291,      -4.249192291,      -5.449192291,       0.850807709
          0,           0,         976,      -8.852913343,      -6.152913343,      -7.052913343,      -4.252913343,      -5.452913343,       0.847086657
          0,           0,         977,      -8.856630263,      -6.156630263,      -7.056630263,      -4.256630263,      -5.456630263,       0.843369737
          0,           0,         978,      -8.860343056,      -6.160343056,      -7.060343056,      -4.260343056,      -5.460343056,       0.839656944
          0,           0,         979,      -8.864051725,      -6.164051725,      -7.064051725,      -4.264051725,      -5.464051725,       0.835948275
          0,           0,         980,      -8.867756275,      -6.167756275,      -7.067756275,      -4.267756275,      -5.467756275,       0.832243725
          0,           0,         981,      -8.871456712,      -6.171456712,      -7.071456712,      -4.271456712,      -5.471456712,       0.828543288
          0,           0,         982,      -8.875153040,      -6.175153040,      -7.075153040,      -4.275153040,      -5.475153040,       0.824846960
          0,           0,         983,      -8.878845263,      -6.178845263,      -7.078845263,      -4.278845263,      -5.478845263,       0.821154737
          0,           0,         984,      -8.882533385,      -6.182533385,      -7.082533385,      -4.282533385,      -5.482533385,       0.817466615
          0,           0,         985,      -8.886217412,      -6.186217412,      -7.086217412,      -4.286217412,      -5.486217412,       0.813782588
          0,           0,         986,      -8.889897348,      -6.189897348,      -7.089897348,      -4.289897348,      -5.489897348,       0.810102652
          0,           0,         987,      -8.893573197,      -6.193573197,      -7.093573197,      -4.293573197,      -5.493573197,       0.806426803
          0,           0,         988,      -8.897244965,      -6.197244965,      -7.097244965,      -4.297244965,      -5.497244965,       0.802755035
          0,           0,         989,      -8.900912655,      -6.200912655,      -7.100912655,      -4.300912655,      -5.500912655,       0.799087345
          0,           0,         990,      -8.904576271,      -6.204576271,      -7.104576271,      -4.304576271,      -5.504576271,       0.795423729
          0,           0,         991,      -8.908235820,      -6.208235820,      -7.108235820,      -4.308235820,      -5.508235820,       0.791764180
          0,           0,         992,      -8.911891304,      -6.211891304,      -7.111891304,      -4.311891304,      -5.511891304,       0.788108696
          0,           0,         993,      -8.915542730,      -6.215542730,      -7.115542730,      -4.315542730,      -5.515542730,       0.784457270
          0,           0,         994,      -8.919190100,      -6.219190100,      -7.119190100,      -4.319190100,      -5.519190100,       0.780809900
          0,           0,         995,      -8.922833420,      -6.222833420,      -7.122833420,      -4.322833420,      -5.522833420,       0.777166580
          0,           0,         996,      -8.926472694,      -6.226472694,      -7.126472694,      -4.326472694,      -5.526472694,       0.773527306
          0,           0,         997,      -8.930107926,      -6.230107926,      -7.130107926,      -4.330107926,      -5.530107926,       0.769892074
          0,           0,         998,      -8.933739122,      -6.233739122,      -7.133739122,      -4.333739122,      -5.533739122,       0.766260878
          0,           0,         999,      -8.937366285,      -6.237366285,      -7.137366285,      -4.337366285,      -5.537366285,       0.762633715
          0,           0,        1000,      -8.940989421,      -6.240989421,      -7.140989421,      -4.340989421,      -5.540989421,       0.759010579
          0,           0,        1001,      -8.944608533,      -6.244608533,      -7.144608533,      -4.344608533,      -5.544608533,       0.755391467
          0,           0,        1002,      -8.948223625,      -6.248223625,      -7.148223625,      -4.348223625,      -5.548223625,       0.751776375
          0,           0,        1003,      -8.951834704,      -6.251834704,      -7.151834704,      -4.351834704,      -5.551834704,       0.748165296
          0,           0,        1004,      -8.955441772,      -6.255441772,      -7.155441772,      -4.355441772,      -5.555441772,       0.744558228
          0,           0,        1005,      -8.959044835,      -6.259044835,      -7.159044835,      -4.359044835,      -5.559044835,       0.740955165
          0,           0,        1006,      -8.962643896,      -6.262643896,      -7.162643896,      -4.362643896,      -5.562643896,       0.737356104
          0,           0,        1007,      -8.966238961,      -6.266238961,      -7.166238961,      -4.366238961,      -5.566238961,       0.733761039
          0,           0,        1008,      -8.969830033,      -6.269830033,      -7.169830033,      -4.369830033,      -5.569830033,       0.730169967
          0,           0,        1009,      -8.973417118,      -6.273417118,      -7.173417118,      -4.373417118,      -5.573417118,       0.726582882
          0,           0,        1010,      -8.977000219,      -6.277000219,      -7.177000219,      -4.377000219,      -5.577000219,       0.722999781
          0,           0,        1011,      -8.980579341,      -6.280579341,      -7.180579341,      -4.380579341,      -5.580579341,       0.719420659
          0,           0,        1012,      -8.984154488,      -6.284154488,      -7.184154488,      -4.384154488,      -5.584154488,       0.715845512
          0,           0,        1013,      -8.987725666,      -6.287725666,      -7.187725666,      -4.387725666,      -5.587725666,       0.712274334
          0,           0,        1014,      -8.991292877,      -6.291292877,      -7.191292877,      -4.391292877,      -5.591292877,       0.708707123
          0,           0,        1015,      -8.994856128,      -6.294856128,      -7.194856128,      -4.394856128,      -5.594856128,       0.705143872
          0,           0,        1016,      -8.998415421,      -6.298415421,      -7.198415421,      -4.398415421,      -5.598415421,       0.701584579
          0,           0,        1017,      -9.001970761,      -6.301970761,      -7.201970761,      -4.401970761,      -5.601970761,       0.698029239
          0,           0,        1018,      -9.005522154,      -6.305522154,      -7.205522154,      -4.405522154,      -5.605522154,       0.694477846
          0,           0,        1019,      -9.009069603,      -6.309069603,      -7.209069603,      -4.409069603,      -5.609069603,       0.690930397
          0,           0,        1020,      -9.012613112,      -6.312613112,      -7.212613112,      -4.412613112,      -5.612613112,       0.687386888
          0,           0,        1021,      -9.016152686,      -6.316152686,      -7.216152686,      -4.416152686,      -5.616152686,       0.683847314
          0,           0,        1022,      -9.019688329,      -6.319688329,      -7.219688329,      -4.419688329,      -5.619688329,       0.680311671
          0,           0,        1023,      -9.023220047,      -6.323220047,      -7.223220047,      -4.423220047,      -5.623220047,       0.676779953
          0,           0,        1024,      -9.026747842,      -6.326747842,      -7.226747842,      -4.426747842,      -5.626747842,       0.673252158
          0,           0,        1025,      -9.030271720,      -6.330271720,      -7.230271720,      -4.430271720,      -5.630271720,       0.669728280
          0,           0,        1026,      -9.033791684,      -6.333791684,      -7.233791684,      -4.433791684,      -5.633791684,       0.666208316
          0,           0,        1027,      -9.037307740,      -6.337307740,      -7.237307740,      -4.437307740,      -5.637307740,       0.662692260
          0,           0,        1028,      -9.040819890,      -6.340819890,      -7.240819890,      -4.440819890,      -5.640819890,       0.659180110
          0,           0,        1029,      -9.044328141,      -6.344328141,      -7.244328141,      -4.444328141,      -5.644328141,       0.655671859
          0,           0,        1030,      -9.047832496,      -6.347832496,      -7.247832496,      -4.447832496,      -5.647832496,       0.652167504
          0,           0,        1031,      -9.051332959,      -6.351332959,      -7.251332959,      -4.451332959,      -5.651332959,       0.648667041
          0,           0,        1032,      -9.054829535,      -6.354829535,      -7.254829535,      -4.454829535,      -5.654829535,       0.645170465
          0,           0,        1033,      -9.058322228,      -6.358322228,      -7.258322228,      -4.458322228,      -5.658322228,       0.641677772
          0,           0,        1034,      -9.061811043,      -6.361811043,      -7.261811043,      -4.461811043,      -5.661811043,       0.638188957
          0,           0,        1035,      -9.065295983,      -6.365295983,      -7.265295983,      -4.465295983,      -5.665295983,       0.634704017
          0,           0,        1036,      -9.068777053,      -6.368777053,      -7.268777053,      -4.468777053,      -5.668777053,       0.631222947
          0,           0,        1037,      -9.072254258,      -6.372254258,      -7.272254258,      -4.472254258,      -5.672254258,       0.627745742
          0,           0,        1038,      -9.075727601,      -6.375727601,      -7.275727601,      -4.475727601,      -5.675727601,       0.624272399
          0,           0,        1039,      -9.079197087,      -6.379197087,      -7.279197087,      -4.479197087,      -5.679197087,       0.620802913
          0,           0,        1040,      -9.082662720,      -6.382662720,      -7.282662720,      -4.482662720,      -5.682662720,       0.617337280
          0,           0,        1041,      -9.086124504,      -6.386124504,      -7.286124504,      -4.486124504,      -5.686124504,       0.613875496
          0,           0,        1042,      -9.089582445,      -6.389582445,      -7.289582445,      -4.489582445,      -5.689582445,       0.610417555
          0,           0,        1043,      -9.093036545,      -6.393036545,      -7.293036545,      -4.493036545,      -5.693036545,       0.606963455
          0,           0,        1044,      -9.096486809,      -6.396486809,      -7.296486809,      -4.496486809,      -5.696486809,       0.603513191
          0,           0,        1045,      -9.099933242,      -6.399933242,      -7.299933242,      -4.499933242,      -5.699933242,       0.600066758
          0,           0,        1046,      -9.103375848,      -6.403375848,      -7.303375848,      -4.503375848,      -5.703375848,       0.596624152
          0,           0,        1047,      -9.106814631,      -6.406814631,      -7.306814631,      -4.506814631,      -5.706814631,       0.593185369
          0,           0,        1048,      -9.110249595,      -6.410249595,      -7.310249595,      -4.510249595,      -5.710249595,       0.589750405
          0,           0,        1049,      -9.113680744,      -6.413680744,      -7.313680744,      -4.513680744,      -5.713680744,       0.586319256
          0,           0,        1050,      -9.117108083,      -6.417108083,      -7.317108083,      -4.517108083,      -5.717108083,       0.582891917
          0,           0,        1051,      -9.120531616,      -6.420531616,      -7.320531616,      -4.520531616,      -5.720531616,       0.579468384
          0,           0,        1052,      -9.123951348,      -6.423951348,      -7.323951348,      -4.523951348,      -5.723951348,       0.576048652
          0,           0,        1053,      -9.127367281,      -6.427367281,      -7.327367281,      -4.527367281,      -5.727367281,       0.572632719
          0,           0,        1054,      -9.130779422,      -6.430779422,      -7.330779422,      -4.530779422,      -5.730779422,       0.569220578
          0,           0,        1055,      -9.134187773,      -6.434187773,      -7.334187773,      -4.534187773,      -5.734187773,       0.565812227
          0,           0,        1056,      -9.137592339,      -6.437592339,      -7.337592339,      -4.537592339,      -5.737592339,       0.562407661
          0,           0,        1057,      -9.140993125,      -6.440993125,      -7.340993125,      -4.540993125,      -5.740993125,       0.559006875
          0,           0,        1058,      -9.144390134,      -6.444390134,      -7.344390134,      -4.544390134,      -5.744390134,       0.555609866
          0,           0,        1059,      -9.147783370,      -6.447783370,      -7.347783370,      -4.547783370,      -5.747783370,       0.552216630
          0,           0,        1060,      -9.151172839,      -6.451172839,      -7.351172839,      -4.551172839,      -5.751172839,       0.548827161
          0,           0,        1061,      -9.154558543,      -6.454558543,      -7.354558543,      -4.554558543,      -5.754558543,       0.545441457
          0,           0,        1062,      -9.157940488,      -6.457940488,      -7.357940488,      -4.557940488,      -5.757940488,       0.542059512
          0,           0,        1063,      -9.161318677,      -6.461318677,      -7.361318677,      -4.561318677,      -5.761318677,       0.538681323
          0,           0,        1064,      -9.164693114,      -6.464693114,      -7.364693114,      -4.564693114,      -5.764693114,       0.535306886
          0,           0,        1065,      -9.168063805,      -6.468063805,      -7.368063805,      -4.568063805,      -5.768063805,       0.531936195
          0,           0,        1066,      -9.171430752,      -6.471430752,      -7.371430752,      -4.571430752,      -5.771430752,       0.528569248
          0,           0,        1067,      -9.174793960,      -6.474793960,      -7.374793960,      -4.574793960,      -5.774793960,       0.525206040
          0,           0,        1068,      -9.178153433,      -6.478153433,      -7.378153433,      -4.578153433,      -5.778153433,       0.521846567
          0,           0,        1069,      -9.181509176,      -6.481509176,      -7.381509176,      -4.581509176,      -5.781509176,       0.518490824
          0,           0,        1070,      -9.184861192,      -6.484861192,      -7.384861192,      -4.584861192,      -5.784861192,       0.515138808
          0,           0,        1071,      -9.188209486,      -6.488209486,      -7.388209486,      -4.588209486,      -5.788209486,       0.511790514
          0,           0,        1072,      -9.191554061,      -6.491554061,      -7.391554061,      -4.591554061,      -5.791554061,       0.508445939
          0,           0,        1073,      -9.194894923,      -6.494894923,      -7.394894923,      -4.594894923,      -5.794894923,       0.505105077
          0,           0,        1074,      -9.198232074,      -6.498232074,      -7.398232074,      -4.598232074,      -5.798232074,       0.501767926
          0,           0,        1075,      -9.201565519,      -6.501565519,      -7.401565519,      -4.601565519,      -5.801565519,       0.498434481
          0,           0,        1076,      -9.204895263,      -6.504895263,      -7.404895263,      -4.604895263,      -5.804895263,       0.495104737
          0,           0,        1077,      -9.208221309,      -6.508221309,      -7.408221309,      -4.608221309,      -5.808221309,       0.491778691
          0,           0,        1078,      -9.211543661,      -6.511543661,      -7.411543661,      -4.611543661,      -5.811543661,       0.488456339
          0,           0,        1079,      -9.214862324,      -6.514862324,      -7.414862324,      -4.614862324,      -5.814862324,       0.485137676
          0,           0,        1080,      -9.218177302,      -6.518177302,      -7.418177302,      -4.618177302,      -5.818177302,       0.481822698
          0,           0,        1081,      -9.221488598,      -6.521488598,      -7.421488598,      -4.621488598,      -5.821488598,       0.478511402
          0,           0,        1082,      -9.224796218,      -6.524796218,      -7.424796218,      -4.624796218,      -5.824796218,       0.475203782
          0,           0,        1083,      -9.228100164,      -6.528100164,      -7.428100164,      -4.628100164,      -5.828100164,       0.471899836
          0,           0,        1084,      -9.231400441,      -6.531400441,      -7.431400441,      -4.631400441,      -5.831400441,       0.468599559
          0,           0,        1085,      -9.234697053,      -6.534697053,      -7.434697053,      -4.634697053,      -5.834697053,       0.465302947
          0,           0,        1086,      -9.237990004,      -6.537990004,      -7.437990004,      -4.637990004,      -5.837990004,       0.462009996
          0,           0,        1087,      -9.241279299,      -6.541279299,      -7.441279299,      -4.641279299,      -5.841279299,       0.458720701
          0,           0,        1088,      -9.244564941,      -6.544564941,      -7.444564941,      -4.644564941,      -5.844564941,       0.455435059
          0,           0,        1089,      -9.247846934,      -6.547846934,      -7.447846934,      -4.647846934,      -5.847846934,       0.452153066
          0,           0,        1090,      -9.251125282,      -6.551125282,      -7.451125282,      -4.651125282,      -5.851125282,       0.448874718
          0,           0,        1091,      -9.254399990,      -6.554399990,      -7.454399990,      -4.654399990,      -5.854399990,       0.445600010
          0,           0,        1092,      -9.257671061,      -6.557671061,      -7.457671061,      -4.657671061,      -5.857671061,       0.442328939
          0,           0,        1093,      -9.260938500,      -6.560938500,      -7.460938500,      -4.660938500,      -5.860938500,       0.439061500
          0,           0,        1094,      -9.264202310,      -6.564202310,      -7.464202310,      -4.664202310,      -5.864202310,       0.435797690
          0,           0,        1095,      -9.267462496,      -6.567462496,      -7.467462496,      -4.667462496,      -5.867462496,       0.432537504
          0,           0,        1096,      -9.270719062,      -6.570719062,      -7.470719062,      -4.670719062,      -5.870719062,       0.429280938
          0,           0,        1097,      -9.273972011,      -6.573972011,      -7.473972011,      -4.673972011,      -5.873972011,       0.426027989
          0,           0,        1098,      -9.277221347,      -6.577221347,      -7.477221347,      -4.677221347,      -5.877221347,       0.422778653
          0,           0,        1099,      -9.280467076,      -6.580467076,      -7.480467076,      -4.680467076,      -5.880467076,       0.419532924
          0,           0,        1100,      -9.283709200,      -6.583709200,      -7.483709200,      -4.683709200,      -5.883709200,       0.416290800
          0,           0,        1101,      -9.286947723,      -6.586947723,      -7.486947723,      -4.686947723,      -5.886947723,       0.413052277
          0,           0,        1102,      -9.290182651,      -6.590182651,      -7.490182651,      -4.690182651,      -5.890182651,       0.409817349
          0,           0,        1103,      -9.293413985,      -6.593413985,      -7.493413985,      -4.693413985,      -5.893413985,       0.406586015
          0,           0,        1104,      -9.296641732,      -6.596641732,      -7.496641732,      -4.696641732,      -5.896641732,       0.403358268
          0,           0,        1105,      -9.299865894,      -6.599865894,      -7.499865894,      -4.699865894,      -5.899865894,       0.400134106
          0,           0,        1106,      -9.303086476,      -6.603086476,      -7.503086476,      -4.703086476,      -5.903086476,       0.396913524
          0,           0,        1107,      -9.306303481,      -6.606303481,      -7.506303481,      -4.706303481,      -5.906303481,       0.393696519
          0,           0,        1108,      -9.309516914,      -6.609516914,      -7.509516914,      -4.709516914,      -5.909516914,       0.390483086
          0,           0,        1109,      -9.312726778,      -6.612726778,      -7.512726778,      -4.712726778,      -5.912726778,       0.387273222
          0,           0,        1110,      -9.315933078,      -6.615933078,      -7.515933078,      -4.715933078,      -5.915933078,       0.384066922
          0,           0,        1111,      -9.319135817,      -6.619135817,      -7.519135817,      -4.719135817,      -5.919135817,       0.380864183
          0,           0,        1112,      -9.322335000,      -6.622335000,      -7.522335000,      -4.722335000,      -5.922335000,       0.377665000
          0,           0,        1113,      -9.325530629,      -6.625530629,      -7.525530629,      -4.725530629,      -5.925530629,       0.374469371
          0,           0,        1114,      -9.328722711,      -6.628722711,      -7.528722711,      -4.728722711,      -5.928722711,       0.371277289
          0,           0,        1115,      -9.331911247,      -6.631911247,      -7.531911247,      -4.731911247,      -5.931911247,       0.368088753
          0,           0,        1116,      -9.335096242,      -6.635096242,      -7.535096242,      -4.735096242,      -5.935096242,       0.364903758
          0,           0,        1117,      -9.338277701,      -6.638277701,      -7.538277701,      -4.738277701,      -5.938277701,       0.361722299
          0,           0,        1118,      -9.341455627,      -6.641455627,      -7.541455627,      -4.741455627,      -5.941455627,       0.358544373
          0,           0,        1119,      -9.344630023,      -6.644630023,      -7.544630023,      -4.744630023,      -5.944630023,       0.355369977
          0,           0,        1120,      -9.347800895,      -6.647800895,      -7.547800895,      -4.747800895,      -5.947800895,       0.352199105
          0,           0,        1121,      -9.350968245,      -6.650968245,      -7.550968245,      -4.750968245,      -5.950968245,       0.349031755
          0,           0,        1122,      -9.354132078,      -6.654132078,      -7.554132078,      -4.754132078,      -5.954132078,       0.345867922
          0,           0,        1123,      -9.357292397,      -6.657292397,      -7.557292397,      -4.757292397,      -5.957292397,       0.342707603
          0,           0,        1124,      -9.360449207,      -6.660449207,      -7.560449207,      -4.760449207,      -5.960449207,       0.339550793
          0,           0,        1125,      -9.363602511,      -6.663602511,      -7.563602511,      -4.763602511,      -5.963602511,       0.336397489
          0,           0,        1126,      -9.366752314,      -6.666752314,      -7.566752314,      -4.766752314,      -5.966752314,       0.333247686
          0,           0,        1127,      -9.369898618,      -6.669898618,      -7.569898618,      -4.769898618,      -5.969898618,       0.330101382
          0,           0,        1128,      -9.373041429,      -6.673041429,      -7.573041429,      -4.773041429,      -5.973041429,       0.326958571
          0,           0,        1129,      -9.376180750,      -6.676180750,      -7.576180750,      -4.776180750,      -5.976180750,       0.323819250
          0,           0,        1130,      -9.379316584,      -6.679316584,      -7.579316584,      -4.779316584,      -5.979316584,       0.320683416
          0,           0,        1131,      -9.382448936,      -6.682448936,      -7.582448936,      -4.782448936,      -5.982448936,       0.317551064
          0,           0,        1132,      -9.385577810,      -6.685577810,      -7.585577810,      -4.785577810,      -5.985577810,       0.314422190
          0,           0,        1133,      -9.388703209,      -6.688703209,      -7.588703209,      -4.788703209,      -5.988703209,       0.311296791
          0,           0,        1134,      -9.391825138,      -6.691825138,      -7.591825138,      -4.791825138,      -5.991825138,       0.308174862
          0,           0,        1135,      -9.394943599,      -6.694943599,      -7.594943599,      -4.794943599,      -5.994943599,       0.305056401
          0,           0,        1136,      -9.398058598,      -6.698058598,      -7.598058598,      -4.798058598,      -5.998058598,       0.301941402
          0,           0,        1137,      -9.401170137,      -6.701170137,      -7.601170137,      -4.801170137,      -6.001170137,       0.298829863
          0,           0,        1138,      -9.404278221,      -6.704278221,      -7.604278221,      -4.804278221,      -6.004278221,       0.295721779
          0,           0,        1139,      -9.407382853,      -6.707382853,      -7.607382853,      -4.807382853,      -6.007382853,       0.292617147
          0,           0,        1140,      -9.410484038,      -6.710484038,      -7.610484038,      -4.810484038,      -6.010484038,       0.289515962
          0,           0,        1141,      -9.413581779,      -6.713581779,      -7.613581779,      -4.813581779,      -6.013581779,       0.286418221
          0,           0,        1142,      -9.416676080,      -6.716676080,      -7.616676080,      -4.816676080,      -6.016676080,       0.283323920
          0,           0,        1143,      -9.419766944,      -6.719766944,      -7.619766944,      -4.819766944,      -6.019766944,       0.280233056
          0,           0,        1144,      -9.422854377,      -6.722854377,      -7.622854377,      -4.822854377,      -6.022854377,       0.277145623
          0,           0,        1145,      -9.425938380,      -6.725938380,      -7.625938380,      -4.825938380,      -6.025938380,       0.274061620
          0,           0,        1146,      -9.429018959,      -6.729018959,      -7.629018959,      -4.829018959,      -6.029018959,       0.270981041
          0,           0,        1147,      -9.432096117,      -6.732096117,      -7.632096117,      -4.832096117,      -6.032096117,       0.267903883
          0,           0,        1148,      -9.435169858,      -6.735169858,      -7.635169858,      -4.835169858,      -6.035169858,       0.264830142
          0,           0,        1149,      -9.438240186,      -6.738240186,      -7.638240186,      -4.838240186,      -6.038240186,       0.261759814
          0,           0,        1150,      -9.441307103,      -6.741307103,      -7.641307103,      -4.841307103,      -6.041307103,       0.258692897
          0,           0,        1151,      -9.444370615,      -6.744370615,      -7.644370615,      -4.844370615,      -6.044370615,       0.255629385
          0,           0,        1152,      -9.447430726,      -6.747430726,      -7.647430726,      -4.847430726,      -6.047430726,       0.252569274
          0,           0,        1153,      -9.450487437,      -6.750487437,      -7.650487437,      -4.850487437,      -6.050487437,       0.249512563
          0,           0,        1154,      -9.453540755,      -6.753540755,      -7.653540755,      -4.853540755,      -6.053540755,       0.246459245
          0,           0,        1155,      -9.456590681,      -6.756590681,      -7.656590681,      -4.856590681,      -6.056590681,       0.243409319
          0,           0,        1156,      -9.459637221,      -6.759637221,      -7.659637221,      -4.859637221,      -6.059637221,       0.240362779
          0,           0,        1157,      -9.462680378,      -6.762680378,      -7.662680378,      -4.862680378,      -6.062680378,       0.237319622
          0,           0,        1158,      -9.465720155,      -6.765720155,      -7.665720155,      -4.865720155,      -6.065720155,       0.234279845
          0,           0,        1159,      -9.468756556,      -6.768756556,      -7.668756556,      -4.868756556,      -6.068756556,       0.231243444
          0,           0,        1160,      -9.471789586,      -6.771789586,      -7.671789586,      -4.871789586,      -6.071789586,       0.228210414
          0,           0,        1161,      -9.474819247,      -6.774819247,      -7.674819247,      -4.874819247,      -6.074819247,       0.225180753
          0,           0,        1162,      -9.477845544,      -6.777845544,      -7.677845544,      -4.877845544,      -6.077845544,       0.222154456
          0,           0,        1163,      -9.480868481,      -6.780868481,      -7.680868481,      -4.880868481,      -6.080868481,       0.219131519
          0,           0,        1164,      -9.483888060,      -6.783888060,      -7.683888060,      -4.883888060,      -6.083888060,       0.216111940
          0,           0,        1165,      -9.486904286,      -6.786904286,      -7.686904286,      -4.886904286,      -6.086904286,       0.213095714
          0,           0,        1166,      -9.489917163,      -6.789917163,      -7.689917163,      -4.889917163,      -6.089917163,       0.210082837
          0,           0,        1167,      -9.492926694,      -6.792926694,      -7.692926694,      -4.892926694,      -6.092926694,       0.207073306
          0,           0,        1168,      -9.495932883,      -6.795932883,      -7.695932883,      -4.895932883,      -6.095932883,       0.204067117
          0,           0,        1169,      -9.498935733,      -6.798935733,      -7.698935733,      -4.898935733,      -6.098935733,       0.201064267
          0,           0,        1170,      -9.501935249,      -6.801935249,      -7.701935249,      -4.901935249,      -6.101935249,       0.198064751
          0,           0,        1171,      -9.504931434,      -6.804931434,      -7.704931434,      -4.904931434,      -6.104931434,       0.195068566
          0,           0,        1172,      -9.507924291,      -6.807924291,      -7.707924291,      -4.907924291,      -6.107924291,       0.192075709
          0,           0,        1173,      -9.510913826,      -6.810913826,      -7.710913826,      -4.910913826,      -6.110913826,       0.189086174
          0,           0,        1174,      -9.513900040,      -6.813900040,      -7.713900040,      -4.913900040,      -6.113900040,       0.186099960
          0,           0,        1175,      -9.516882938,      -6.816882938,      -7.716882938,      -4.916882938,      -6.116882938,       0.183117062
          0,           0,        1176,      -9.519862523,      -6.819862523,      -7.719862523,      -4.919862523,      -6.119862523,       0.180137477
          0,           0,        1177,      -9.522838800,      -6.822838800,      -7.722838800,      -4.922838800,      -6.122838800,       0.177161200
          0,           0,        1178,      -9.525811772,      -6.825811772,      -7.725811772,      -4.925811772,      -6.125811772,       0.174188228
          0,           0,        1179,      -9.528781442,      -6.828781442,      -7.728781442,      -4.928781442,      -6.128781442,       0.171218558
          0,           0,        1180,      -9.531747814,      -6.831747814,      -7.731747814,      -4.931747814,      -6.131747814,       0.168252186
          0,           0,        1181,      -9.534710892,      -6.834710892,      -7.734710892,      -4.934710892,      -6.134710892,       0.165289108
          0,           0,        1182,      -9.537670680,      -6.837670680,      -7.737670680,      -4.937670680,      -6.137670680,       0.162329320
          0,           0,        1183,      -9.540627181,      -6.840627181,      -7.740627181,      -4.940627181,      -6.140627181,       0.159372819
          0,           0,        1184,      -9.543580399,      -6.843580399,      -7.743580399,      -4.943580399,      -6.143580399,       0.156419601
          0,           0,        1185,      -9.546530337,      -6.846530337,      -7.746530337,      -4.946530337,      -6.146530337,       0.153469663
          0,           0,        1186,      -9.549476999,      -6.849476999,      -7.749476999,      -4.949476999,      -6.149476999,       0.150523001
          0,           0,        1187,      -9.552420389,      -6.852420389,      -7.752420389,      -4.952420389,      -6.152420389,       0.147579611
          0,           0,        1188,      -9.555360511,      -6.855360511,      -7.755360511,      -4.955360511,      -6.155360511,       0.144639489
          0,           0,        1189,      -9.558297367,      -6.858297367,      -7.758297367,      -4.958297367,      -6.158297367,       0.141702633
          0,           0,        1190,      -9.561230962,      -6.861230962,      -7.761230962,      -4.961230962,      -6.161230962,       0.138769038
          0,           0,        1191,      -9.564161299,      -6.864161299,      -7.764161299,      -4.964161299,      -6.164161299,       0.135838701
          0,           0,        1192,      -9.567088383,      -6.867088383,      -7.767088383,      -4.967088383,      -6.167088383,       0.132911617
          0,           0,        1193,      -9.570012215,      -6.870012215,      -7.770012215,      -4.970012215,      -6.170012215,       0.129987785
          0,           0,        1194,      -9.572932801,      -6.872932801,      -7.772932801,      -4.972932801,      -6.172932801,       0.127067199
          0,           0,        1195,      -9.575850144,      -6.875850144,      -7.775850144,      -4.975850144,      -6.175850144,       0.124149856
          0,           0,        1196,      -9.578764246,      -6.878764246,      -7.778764246,      -4.978764246,      -6.178764246,       0.121235754
          0,           0,        1197,      -9.581675113,      -6.881675113,      -7.781675113,      -4.981675113,      -6.181675113,       0.118324887
          0,           0,        1198,      -9.584582747,      -6.884582747,      -7.784582747,      -4.984582747,      -6.184582747,       0.115417253
          0,           0,        1199,      -9.587487153,      -6.887487153,      -7.787487153,      -4.987487153,      -6.187487153,       0.112512847
          0,           0,        1200,      -9.590388333,      -6.890388333,      -7.790388333,      -4.990388333,      -6.190388333,       0.109611667
          0,           0,        1201,      -9.593286291,      -6.893286291,      -7.793286291,      -4.993286291,      -6.193286291,       0.106713709
          0,           0,        1202,      -9.596181031,      -6.896181031,      -7.796181031,      -4.996181031,      -6.196181031,       0.103818969
          0,           0,        1203,      -9.599072556,      -6.899072556,      -7.799072556,      -4.999072556,      -6.199072556,       0.100927444
          0,           0,        1204,      -9.601960871,      -6.901960871,      -7.801960871,      -5.001960871,      -6.201960871,       0.098039129
          0,           0,        1205,      -9.604845978,      -6.904845978,      -7.804845978,      -5.004845978,      -6.204845978,       0.095154022
          0,           0,        1206,      -9.607727881,      -6.907727881,      -7.807727881,      -5.007727881,      -6.207727881,       0.092272119
          0,           0,        1207,      -9.610606584,      -6.910606584,      -7.810606584,      -5.010606584,      -6.210606584,       0.089393416
          0,           0,        1208,      -9.613482090,      -6.913482090,      -7.813482090,      -5.013482090,      -6.213482090,       0.086517910
          0,           0,        1209,      -9.616354403,      -6.916354403,      -7.816354403,      -5.016354403,      -6.216354403,       0.083645597
          0,           0,        1210,      -9.619223526,      -6.919223526,      -7.819223526,      -5.019223526,      -6.219223526,       0.080776474
          0,           0,        1211,      -9.622089463,      -6.922089463,      -7.822089463,      -5.022089463,      -6.222089463,       0.077910537
          0,           0,        1212,      -9.624952217,      -6.924952217,      -7.824952217,      -5.024952217,      -6.224952217,       0.075047783
          0,           0,        1213,      -9.627811792,      -6.927811792,      -7.827811792,      -5.027811792,      -6.227811792,       0.072188208
          0,           0,        1214,      -9.630668192,      -6.930668192,      -7.830668192,      -5.030668192,      -6.230668192,       0.069331808
          0,           0,        1215,      -9.633521420,      -6.933521420,      -7.833521420,      -5.033521420,      -6.233521420,       0.066478580
          0,           0,        1216,      -9.636371479,      -6.936371479,      -7.836371479,      -5.036371479,      -6.236371479,       0.063628521
          0,           0,        1217,      -9.639218373,      -6.939218373,      -7.839218373,      -5.039218373,      -6.239218373,       0.060781627
          0,           0,        1218,      -9.642062106,      -6.942062106,      -7.842062106,      -5.042062106,      -6.242062106,       0.057937894
          0,           0,        1219,      -9.644902681,      -6.944902681,      -7.844902681,      -5.044902681,      -6.244902681,       0.055097319
          0,           0,        1220,      -9.647740101,      -6.947740101,      -7.847740101,      -5.047740101,      -6.247740101,       0.052259899
          0,           0,        1221,      -9.650574370,      -6.950574370,      -7.850574370,      -5.050574370,      -6.250574370,       0.049425630
          0,           0,        1222,      -9.653405492,      -6.953405492,      -7.853405492,      -5.053405492,      -6.253405492,       0.046594508
          0,           0,        1223,      -9.656233471,      -6.956233471,      -7.856233471,      -5.056233471,      -6.256233471,       0.043766529
          0,           0,        1224,      -9.659058308,      -6.959058308,      -7.859058308,      -5.059058308,      -6.259058308,       0.040941692
          0,           0,        1225,      -9.661880009,      -6.961880009,      -7.861880009,      -5.061880009,      -6.261880009,       0.038119991
          0,           0,        1226,      -9.664698576,      -6.964698576,      -7.864698576,      -5.064698576,      -6.264698576,       0.035301424
          0,           0,        1227,      -9.667514013,      -6.967514013,      -7.867514013,      -5.067514013,      -6.267514013,       0.032485987
          0,           0,        1228,      -9.670326324,      -6.970326324,      -7.870326324,      -5.070326324,      -6.270326324,       0.029673676
          0,           0,        1229,      -9.673135511,      -6.973135511,      -7.873135511,      -5.073135511,      -6.273135511,       0.026864489
          0,           0,        1230,      -9.675941579,      -6.975941579,      -7.875941579,      -5.075941579,      -6.275941579,       0.024058421
          0,           0,        1231,      -9.678744531,      -6.978744531,      -7.878744531,      -5.078744531,      -6.278744531,       0.021255469
          0,           0,        1232,      -9.681544370,      -6.981544370,      -7.881544370,      -5.081544370,      -6.281544370,       0.018455630
          0,           0,        1233,      -9.684341100,      -6.984341100,      -7.884341100,      -5.084341100,      -6.284341100,       0.015658900
          0,           0,        1234,      -9.687134725,      -6.987134725,      -7.887134725,      -5.087134725,      -6.287134725,       0.012865275
          0,           0,        1235,      -9.689925247,      -6.989925247,      -7.889925247,      -5.089925247,      -6.289925247,       0.010074753
          0,           0,        1236,      -9.692712670,      -6.992712670,      -7.892712670,      -5.092712670,      -6.292712670,       0.007287330
          0,           0,        1237,      -9.695496997,      -6.995496997,      -7.895496997,      -5.095496997,      -6.295496997,       0.004503003
          0,           0,        1238,      -9.698278233,      -6.998278233,      -7.898278233,      -5.098278233,      -6.298278233,       0.001721767
          0,           0,        1239,      -9.701056380,      -7.001056380,      -7.901056380,      -5.101056380,      -6.301056380,      -0.001056380
          0,           0,        1240,      -9.703831442,      -7.003831442,      -7.903831442,      -5.103831442,      -6.303831442,      -0.003831442
          0,           0,        1241,      -9.706603423,      -7.006603423,      -7.906603423,      -5.106603423,      -6.306603423,      -0.006603423
          0,           0,        1242,      -9.709372325,      -7.009372325,      -7.909372325,      -5.109372325,      -6.309372325,      -0.009372325
          0,           0,        1243,      -9.712138152,      -7.012138152,      -7.912138152,      -5.112138152,      -6.312138152,      -0.012138152
          0,           0,        1244,      -9.714900908,      -7.014900908,      -7.914900908,      -5.114900908,      -6.314900908,      -0.014900908
          0,           0,        1245,      -9.717660596,      -7.017660596,      -7.917660596,      -5.117660596,      -6.317660596,      -0.017660596
          0,           0,        1246,      -9.720417219,      -7.020417219,      -7.920417219,      -5.120417219,      -6.320417219,      -0.020417219
          0,           0,        1247,      -9.723170781,      -7.023170781,      -7.923170781,      -5.123170781,      -6.323170781,      -0.023170781
          0,           0,        1248,      -9.725921285,      -7.025921285,      -7.925921285,      -5.125921285,      -6.325921285,      -0.025921285
          0,           0,        1249,      -9.728668734,      -7.028668734,      -7.928668734,      -5.128668734,      -6.328668734,      -0.028668734
          0,           0,        1250,      -9.731413133,      -7.031413133,      -7.931413133,      -5.131413133,      -6.331413133,      -0.031413133
          0,           0,        1251,      -9.734154484,      -7.034154484,      -7.934154484,      -5.134154484,      -6.334154484,      -0.034154484
          0,           0,        1252,      -9.736892791,      -7.036892791,      -7.936892791,      -5.136892791,      -6.336892791,      -0.036892791
          0,           0,        1253,      -9.739628057,      -7.039628057,      -7.939628057,      -5.139628057,      -6.339628057,      -0.039628057
          0,           0,        1254,      -9.742360285,      -7.042360285,      -7.942360285,      -5.142360285,      -6.342360285,      -0.042360285
          0,           0,        1255,      -9.745089480,      -7.045089480,      -7.945089480,      -5.145089480,      -6.345089480,      -0.045089480
          0,           0,        1256,      -9.747815643,      -7.047815643,      -7.947815643,      -5.147815643,      -6.347815643,      -0.047815643
          0,           0,        1257,      -9.750538779,      -7.050538779,      -7.950538779,      -5.150538779,      -6.350538779,      -0.050538779
          0,           0,        1258,      -9.753258891,      -7.053258891,      -7.953258891,      -5.153258891,      -6.353258891,      -0.053258891
          0,           0,        1259,      -9.755975983,      -7.055975983,      -7.955975983,      -5.155975983,      -6.355975983,      -0.055975983
          0,           0,        1260,      -9.758690057,      -7.058690057,      -7.958690057,      -5.158690057,      -6.358690057,      -0.058690057
          0,           0,        1261,      -9.761401117,      -7.061401117,      -7.961401117,      -5.161401117,      -6.361401117,      -0.061401117
          0,           0,        1262,      -9.764109167,      -7.064109167,      -7.964109167,      -5.164109167,      -6.364109167,      -0.064109167
          0,           0,        1263,      -9.766814209,      -7.066814209,      -7.966814209,      -5.166814209,      -6.366814209,      -0.066814209
          0,           0,        1264,      -9.769516247,      -7.069516247,      -7.969516247,      -5.169516247,      -6.369516247,      -0.069516247
          0,           0,        1265,      -9.772215285,      -7.072215285,      -7.972215285,      -5.172215285,      -6.372215285,      -0.072215285
          0,           0,        1266,      -9.774911326,      -7.074911326,      -7.974911326,      -5.174911326,      -6.374911326,      -0.074911326
          0,           0,        1267,      -9.777604372,      -7.077604372,      -7.977604372,      -5.177604372,      -6.377604372,      -0.077604372
          0,           0,        1268,      -9.780294428,      -7.080294428,      -7.980294428,      -5.180294428,      -6.380294428,      -0.080294428
          0,           0,        1269,      -9.782981497,      -7.082981497,      -7.982981497,      -5.182981497,      -6.382981497,      -0.082981497
          0,           0,        1270,      -9.785665581,      -7.085665581,      -7.985665581,      -5.185665581,      -6.385665581,      -0.085665581
          0,           0,        1271,      -9.788346685,      -7.088346685,      -7.988346685,      -5.188346685,      -6.388346685,      -0.088346685
          0,           0,        1272,      -9.791024812,      -7.091024812,      -7.991024812,      -5.191024812,      -6.391024812,      -0.091024812
          0,           0,        1273,      -9.793699965,      -7.093699965,      -7.993699965,      -5.193699965,      -6.393699965,      -0.093699965
          0,           0,        1274,      -9.796372147,      -7.096372147,      -7.996372147,      -5.196372147,      -6.396372147,      -0.096372147
          0,           0,        1275,      -9.799041361,      -7.099041361,      -7.999041361,      -5.199041361,      -6.399041361,      -0.099041361
          0,           0,        1276,      -9.801707611,      -7.101707611,      -8.001707611,      -5.201707611,      -6.401707611,      -0.101707611
          0,           0,        1277,      -9.804370901,      -7.104370901,      -8.004370901,      -5.204370901,      -6.404370901,      -0.104370901
          0,           0,        1278,      -9.807031233,      -7.107031233,      -8.007031233,      -5.207031233,      -6.407031233,      -0.107031233
          0,           0,        1279,      -9.809688610,      -7.109688610,      -8.009688610,      -5.209688610,      -6.409688610,      -0.109688610
          0,           0,        1280,      -9.812343037,      -7.112343037,      -8.012343037,      -5.212343037,      -6.412343037,      -0.112343037
          0,           0,        1281,      -9.814994516,      -7.114994516,      -8.014994516,      -5.214994516,      -6.414994516,      -0.114994516
          0,           0,        1282,      -9.817643050,      -7.117643050,      -8.017643050,      -5.217643050,      -6.417643050,      -0.117643050
          0,           0,        1283,      -9.820288643,      -7.120288643,      -8.020288643,      -5.220288643,      -6.420288643,      -0.120288643
          0,           0,        1284,      -9.822931299,      -7.122931299,      -8.022931299,      -5.222931299,      -6.422931299,      -0.122931299
          0,           0,        1285,      -9.825571019,      -7.125571019,      -8.025571019,      -5.225571019,      -6.425571019,      -0.125571019
          0,           0,        1286,      -9.828207809,      -7.128207809,      -8.028207809,      -5.228207809,      -6.428207809,      -0.128207809
          0,           0,        1287,      -9.830841670,      -7.130841670,      -8.030841670,      -5.230841670,      -6.430841670,      -0.130841670
          0,           0,        1288,      -9.833472606,      -7.133472606,      -8.033472606,      -5.233472606,      -6.433472606,      -0.133472606
          0,           0,        1289,      -9.836100621,      -7.136100621,      -8.036100621,      -5.236100621,      -6.436100621,      -0.136100621
          0,           0,        1290,      -9.838725717,      -7.138725717,      -8.038725717,      -5.238725717,      -6.438725717,      -0.138725717
          0,           0,        1291,      -9.841347898,      -7.141347898,      -8.041347898,      -5.241347898,      -6.441347898,      -0.141347898
          0,           0,        1292,      -9.843967167,      -7.143967167,      -8.043967167,      -5.243967167,      -6.443967167,      -0.143967167
          0,           0,        1293,      -9.846583527,      -7.146583527,      -8.046583527,      -5.246583527,      -6.446583527,      -0.146583527
          0,           0,        1294,      -9.849196982,      -7.149196982,      -8.049196982,      -5.249196982,      -6.449196982,      -0.149196982
          0,           0,        1295,      -9.851807535,      -7.151807535,      -8.051807535,      -5.251807535,      -6.451807535,      -0.151807535
          0,           0,        1296,      -9.854415189,      -7.154415189,      -8.054415189,      -5.254415189,      -6.454415189,      -0.154415189
          0,           0,        1297,      -9.857019947,      -7.157019947,      -8.057019947,      -5.257019947,      -6.457019947,      -0.157019947
          0,           0,        1298,      -9.859621812,      -7.159621812,      -8.059621812,      -5.259621812,      -6.459621812,      -0.159621812
          0,           0,        1299,      -9.862220789,      -7.162220789,      -8.062220789,      -5.262220789,      -6.462220789,      -0.162220789
          0,           0,        1300,      -9.864816878,      -7.164816878,      -8.064816878,      -5.264816878,      -6.464816878,      -0.164816878
          0,           0,        1301,      -9.867410085,      -7.167410085,      -8.067410085,      -5.267410085,      -6.467410085,      -0.167410085
          0,           0,        1302,      -9.870000413,      -7.170000413,      -8.070000413,      -5.270000413,      -6.470000413,      -0.170000413
          0,           0,        1303,      -9.872587863,      -7.172587863,      -8.072587863,      -5.272587863,      -6.472587863,      -0.172587863
          0,           0,        1304,      -9.875172441,      -7.175172441,      -8.075172441,      -5.275172441,      -6.475172441,      -0.175172441
          0,           0,        1305,      -9.877754148,      -7.177754148,      -8.077754148,      -5.277754148,      -6.477754148,      -0.177754148
          0,           0,        1306,      -9.880332988,      -7.180332988,      -8.080332988,      -5.280332988,      -6.480332988,      -0.180332988
          0,           0,        1307,      -9.882908965,      -7.182908965,      -8.082908965,      -5.282908965,      -6.482908965,      -0.182908965
          0,           0,        1308,      -9.885482080,      -7.185482080,      -8.085482080,      -5.285482080,      -6.485482080,      -0.185482080
          0,           0,        1309,      -9.888052339,      -7.188052339,      -8.088052339,      -5.288052339,      -6.488052339,      -0.188052339
          0,           0,        1310,      -9.890619743,      -7.190619743,      -8.090619743,      -5.290619743,      -6.490619743,      -0.190619743
          0,           0,        1311,      -9.893184296,      -7.193184296,      -8.093184296,      -5.293184296,      -6.493184296,      -0.193184296
          0,           0,        1312,      -9.895746001,      -7.195746001,      -8.095746001,      -5.295746001,      -6.495746001,      -0.195746001
          0,           0,        1313,      -9.898304861,      -7.198304861,      -8.098304861,      -5.298304861,      -6.498304861,      -0.198304861
          0,           0,        1314,      -9.900860880,      -7.200860880,      -8.100860880,      -5.300860880,      -6.500860880,      -0.200860880
          0,           0,        1315,      -9.903414061,      -7.203414061,      -8.103414061,      -5.303414061,      -6.503414061,      -0.203414061
          0,           0,        1316,      -9.905964406,      -7.205964406,      -8.105964406,      -5.305964406,      -6.505964406,      -0.205964406
          0,           0,        1317,      -9.908511918,      -7.208511918,      -8.108511918,      -5.308511918,      -6.508511918,      -0.208511918
          0,           0,        1318,      -9.911056602,      -7.211056602,      -8.111056602,      -5.311056602,      -6.511056602,      -0.211056602
          0,           0,        1319,      -9.913598460,      -7.213598460,      -8.113598460,      -5.313598460,      -6.513598460,      -0.213598460
          0,           0,        1320,      -9.916137496,      -7.216137496,      -8.116137496,      -5.316137496,      -6.516137496,      -0.216137496
          0,           0,        1321,      -9.918673711,      -7.218673711,      -8.118673711,      -5.318673711,      -6.518673711,      -0.218673711
          0,           0,        1322,      -9.921207111,      -7.221207111,      -8.121207111,      -5.321207111,      -6.521207111,      -0.221207111
          0,           0,        1323,      -9.923737697,      -7.223737697,      -8.123737697,      -5.323737697,      -6.523737697,      -0.223737697
          0,           0,        1324,      -9.926265472,      -7.226265472,      -8.126265472,      -5.326265472,      -6.526265472,      -0.226265472
          0,           0,        1325,      -9.928790441,      -7.228790441,      -8.128790441,      -5.328790441,      -6.528790441,      -0.228790441
          0,           0,        1326,      -9.931312606,      -7.231312606,      -8.131312606,      -5.331312606,      -6.531312606,      -0.231312606
          0,           0,        1327,      -9.933831970,      -7.233831970,      -8.133831970,      -5.333831970,      -6.533831970,      -0.233831970
          0,           0,        1328,      -9.936348536,      -7.236348536,      -8.136348536,      -5.336348536,      -6.536348536,      -0.236348536
          0,           0,        1329,      -9.938862307,      -7.238862307,      -8.138862307,      -5.338862307,      -6.538862307,      -0.238862307
          0,           0,        1330,      -9.941373287,      -7.241373287,      -8.141373287,      -5.341373287,      -6.541373287,      -0.241373287
          0,           0,        1331,      -9.943881479,      -7.243881479,      -8.143881479,      -5.343881479,      -6.543881479,      -0.243881479
          0,           0,        1332,      -9.946386885,      -7.246386885,      -8.146386885,      -5.346386885,      -6.546386885,      -0.246386885
          0,           0,        1333,      -9.948889509,      -7.248889509,      -8.148889509,      -5.348889509,      -6.548889509,      -0.248889509
          0,           0,        1334,      -9.951389354,      -7.251389354,      -8.151389354,      -5.351389354,      -6.551389354,      -0.251389354
          0,           0,        1335,      -9.953886423,      -7.253886423,      -8.153886423,      -5.353886423,      -6.553886423,      -0.253886423
          0,           0,        1336,      -9.956380718,      -7.256380718,      -8.156380718,      -5.356380718,      -6.556380718,      -0.256380718
          0,           0,        1337,      -9.958872244,      -7.258872244,      -8.158872244,      -5.358872244,      -6.558872244,      -0.258872244
          0,           0,        1338,      -9.961361003,      -7.261361003,      -8.161361003,      -5.361361003,      -6.561361003,      -0.261361003
          0,           0,        1339,      -9.963846999,      -7.263846999,      -8.163846999,      -5.363846999,      -6.563846999,      -0.263846999
          0,           0,        1340,      -9.966330233,      -7.266330233,      -8.166330233,      -5.366330233,      -6.566330233,      -0.266330233
          0,           0,        1341,      -9.968810710,      -7.268810710,      -8.168810710,      -5.368810710,      -6.568810710,      -0.268810710
          0,           0,        1342,      -9.971288433,      -7.271288433,      -8.171288433,      -5.371288433,      -6.571288433,      -0.271288433
          0,           0,        1343,      -9.973763404,      -7.273763404,      -8.173763404,      -5.373763404,      -6.573763404,      -0.273763404
          0,           0,        1344,      -9.976235626,      -7.276235626,      -8.176235626,      -5.376235626,      -6.576235626,      -0.276235626
          0,           0,        1345,      -9.978705103,      -7.278705103,      -8.178705103,      -5.378705103,      -6.578705103,      -0.278705103
          0,           0,        1346,      -9.981171838,      -7.281171838,      -8.181171838,      -5.381171838,      -6.581171838,      -0.281171838
          0,           0,        1347,      -9.983635833,      -7.283635833,      -8.183635833,      -5.383635833,      -6.583635833,      -0.283635833
          0,           0,        1348,      -9.986097093,      -7.286097093,      -8.186097093,      -5.386097093,      -6.586097093,      -0.286097093
          0,           0,        1349,      -9.988555619,      -7.288555619,      -8.188555619,      -5.388555619,      -6.588555619,      -0.288555619
          0,           0,        1350,      -9.991011415,      -7.291011415,      -8.191011415,      -5.391011415,      -6.591011415,      -0.291011415
          0,           0,        1351,      -9.993464483,      -7.293464483,      -8.193464483,      -5.393464483,      -6.593464483,      -0.293464483
          0,           0,        1352,      -9.995914828,      -7.295914828,      -8.195914828,      -5.395914828,      -6.595914828,      -0.295914828
          0,           0,        1353,      -9.998362451,      -7.298362451,      -8.198362451,      -5.398362451,      -6.598362451,      -0.298362451
          0,           0,        1354,     -10.000807357,      -7.300807357,      -8.200807357,      -5.400807357,      -6.600807357,      -0.300807357
          0,           0,        1355,     -10.003249547,      -7.303249547,      -8.203249547,      -5.403249547,      -6.603249547,      -0.303249547
          0,           0,        1356,     -10.005689025,      -7.305689025,      -8.205689025,      -5.405689025,      -6.605689025,      -0.305689025
          0,           0,        1357,     -10.008125795,      -7.308125795,      -8.208125795,      -5.408125795,      -6.608125795,      -0.308125795
          0,           0,        1358,     -10.010559858,      -7.310559858,      -8.210559858,      -5.410559858,      -6.610559858,      -0.310559858
          0,           0,        1359,     -10.012991218,      -7.312991218,      -8.212991218,      -5.412991218,      -6.612991218,      -0.312991218
          0,           0,        1360,     -10.015419878,      -7.315419878,      -8.215419878,      -5.415419878,      -6.615419878,      -0.315419878
          0,           0,        1361,     -10.017845842,      -7.317845842,      -8.217845842,      -5.417845842,      -6.617845842,      -0.317845842
          0,           0,        1362,     -10.020269111,      -7.320269111,      -8.220269111,      -5.420269111,      -6.620269111,      -0.320269111
          0,           0,        1363,     -10.022689689,      -7.322689689,      -8.222689689,      -5.422689689,      -6.622689689,      -0.322689689
          0,           0,        1364,     -10.025107579,      -7.325107579,      -8.225107579,      -5.425107579,      -6.625107579,      -0.325107579
          0,           0,        1365,     -10.027522784,      -7.327522784,      -8.227522784,      -5.427522784,      -6.627522784,      -0.327522784
          0,           0,        1366,     -10.029935307,      -7.329935307,      -8.229935307,      -5.429935307,      -6.629935307,      -0.329935307
          0,           0,        1367,     -10.032345151,      -7.332345151,      -8.232345151,      -5.432345151,      -6.632345151,      -0.332345151
          0,           0,        1368,     -10.034752319,      -7.334752319,      -8.234752319,      -5.434752319,      -6.634752319,      -0.334752319
          0,           0,        1369,     -10.037156814,      -7.337156814,      -8.237156814,      -5.437156814,      -6.637156814,      -0.337156814
          0,           0,        1370,     -10.039558638,      -7.339558638,      -8.239558638,      -5.439558638,      -6.639558638,      -0.339558638
          0,           0,        1371,     -10.041957796,      -7.341957796,      -8.241957796,      -5.441957796,      -6.641957796,      -0.341957796
          0,           0,        1372,     -10.044354289,      -7.344354289,      -8.244354289,      -5.444354289,      -6.644354289,      -0.344354289
          0,           0,        1373,     -10.046748120,      -7.346748120,      -8.246748120,      -5.446748120,      -6.646748120,      -0.346748120
          0,           0,        1374,     -10.049139294,      -7.349139294,      -8.249139294,      -5.449139294,      -6.649139294,      -0.349139294
          0,           0,        1375,     -10.051527812,      -7.351527812,      -8.251527812,      -5.451527812,      -6.651527812,      -0.351527812
          0,           0,        1376,     -10.053913677,      -7.353913677,      -8.253913677,      -5.453913677,      -6.653913677,      -0.353913677
          0,           0,        1377,     -10.056296894,      -7.356296894,      -8.256296894,      -5.456296894,      -6.656296894,      -0.356296894
          0,           0,        1378,     -10.058677463,      -7.358677463,      -8.258677463,      -5.458677463,      -6.658677463,      -0.358677463
          0,           0,        1379,     -10.061055389,      -7.361055389,      -8.261055389,      -5.461055389,      -6.661055389,      -0.361055389
          0,           0,        1380,     -10.063430674,      -7.363430674,      -8.263430674,      -5.463430674,      -6.663430674,      -0.363430674
          0,           0,        1381,     -10.065803322,      -7.365803322,      -8.265803322,      -5.465803322,      -6.665803322,      -0.365803322
          0,           0,        1382,     -10.068173335,      -7.368173335,      -8.268173335,      -5.468173335,      -6.668173335,      -0.368173335
          0,           0,        1383,     -10.070540715,      -7.370540715,      -8.270540715,      -5.470540715,      -6.670540715,      -0.370540715
          0,           0,        1384,     -10.072905467,      -7.372905467,      -8.272905467,      -5.472905467,      -6.672905467,      -0.372905467
          0,           0,        1385,     -10.075267593,      -7.375267593,      -8.275267593,      -5.475267593,      -6.675267593,      -0.375267593
          0,           0,        1386,     -10.077627096,      -7.377627096,      -8.277627096,      -5.477627096,      -6.677627096,      -0.377627096
          0,           0,        1387,     -10.079983978,      -7.379983978,      -8.279983978,      -5.479983978,      -6.679983978,      -0.379983978
          0,           0,        1388,     -10.082338244,      -7.382338244,      -8.282338244,      -5.482338244,      -6.682338244,      -0.382338244
          0,           0,        1389,     -10.084689894,      -7.384689894,      -8.284689894,      -5.484689894,      -6.684689894,      -0.384689894
          0,           0,        1390,     -10.087038934,      -7.387038934,      -8.287038934,      -5.487038934,      -6.687038934,      -0.387038934
          0,           0,        1391,     -10.089385364,      -7.389385364,      -8.289385364,      -5.489385364,      -6.689385364,      -0.389385364
          0,           0,        1392,     -10.091729189,      -7.391729189,      -8.291729189,      -5.491729189,      -6.691729189,      -0.391729189
          0,           0,        1393,     -10.094070412,      -7.394070412,      -8.294070412,      -5.494070412,      -6.694070412,      -0.394070412
          0,           0,        1394,     -10.096409034,      -7.396409034,      -8.296409034,      -5.496409034,      -6.696409034,      -0.396409034
          0,           0,        1395,     -10.098745059,      -7.398745059,      -8.298745059,      -5.498745059,      -6.698745059,      -0.398745059
          0,           0,        1396,     -10.101078490,      -7.401078490,      -8.301078490,      -5.501078490,      -6.701078490,      -0.401078490
          0,           0,        1397,     -10.103409330,      -7.403409330,      -8.303409330,      -5.503409330,      -6.703409330,      -0.403409330
          0,           0,        1398,     -10.105737582,      -7.405737582,      -8.305737582,      -5.505737582,      -6.705737582,      -0.405737582
          0,           0,        1399,     -10.108063248,      -7.408063248,      -8.308063248,      -5.508063248,      -6.708063248,      -0.408063248
          0,           0,        1400,     -10.110386331,      -7.410386331,      -8.310386331,      -5.510386331,      -6.710386331,      -0.410386331
          0,           0,        1401,     -10.112706834,      -7.412706834,      -8.312706834,      -5.512706834,      -6.712706834,      -0.412706834
          0,           0,        1402,     -10.115024761,      -7.415024761,      -8.315024761,      -5.515024761,      -6.715024761,      -0.415024761
          0,           0,        1403,     -10.117340114,      -7.417340114,      -8.317340114,      -5.517340114,      -6.717340114,      -0.417340114
          0,           0,        1404,     -10.119652895,      -7.419652895,      -8.319652895,      -5.519652895,      -6.719652895,      -0.419652895
          0,           0,        1405,     -10.121963108,      -7.421963108,      -8.321963108,      -5.521963108,      -6.721963108,      -0.421963108
          0,           0,        1406,     -10.124270756,      -7.424270756,      -8.324270756,      -5.524270756,      -6.724270756,      -0.424270756
          0,           0,        1407,     -10.126575841,      -7.426575841,      -8.326575841,      -5.526575841,      -6.726575841,      -0.426575841
          0,           0,        1408,     -10.128878366,      -7.428878366,      -8.328878366,      -5.528878366,      -6.728878366,      -0.428878366
          0,           0,        1409,     -10.131178334,      -7.431178334,      -8.331178334,      -5.531178334,      -6.731178334,      -0.431178334
          0,           0,        1410,     -10.133475748,      -7.433475748,      -8.333475748,      -5.533475748,      -6.733475748,      -0.433475748
          0,           0,        1411,     -10.135770611,      -7.435770611,      -8.335770611,      -5.535770611,      -6.735770611,      -0.435770611
          0,           0,        1412,     -10.138062926,      -7.438062926,      -8.338062926,      -5.538062926,      -6.738062926,      -0.438062926
          0,           0,        1413,     -10.140352695,      -7.440352695,      -8.340352695,      -5.540352695,      -6.740352695,      -0.440352695
          0,           0,        1414,     -10.142639921,      -7.442639921,      -8.342639921,      -5.542639921,      -6.742639921,      -0.442639921
          0,           0,        1415,     -10.144924607,      -7.444924607,      -8.344924607,      -5.544924607,      -6.744924607,      -0.444924607
          0,           0,        1416,     -10.147206756,      -7.447206756,      -8.347206756,      -5.547206756,      -6.747206756,      -0.447206756
          0,           0,        1417,     -10.149486371,      -7.449486371,      -8.349486371,      -5.549486371,      -6.749486371,      -0.449486371
          0,           0,        1418,     -10.151763454,      -7.451763454,      -8.351763454,      -5.551763454,      -6.751763454,      -0.451763454
          0,           0,        1419,     -10.154038008,      -7.454038008,      -8.354038008,      -5.554038008,      -6.754038008,      -0.454038008
          0,           0,        1420,     -10.156310037,      -7.456310037,      -8.356310037,      -5.556310037,      -6.756310037,      -0.456310037
          0,           0,        1421,     -10.158579542,      -7.458579542,      -8.358579542,      -5.558579542,      -6.758579542,      -0.458579542
          0,           0,        1422,     -10.160846528,      -7.460846528,      -8.360846528,      -5.560846528,      -6.760846528,      -0.460846528
          0,           0,        1423,     -10.163110996,      -7.463110996,      -8.363110996,      -5.563110996,      -6.763110996,      -0.463110996
          0,           0,        1424,     -10.165372949,      -7.465372949,      -8.365372949,      -5.565372949,      -6.765372949,      -0.465372949
          0,           0,        1425,     -10.167632390,      -7.467632390,      -8.367632390,      -5.567632390,      -6.767632390,      -0.467632390
          0,           0,        1426,     -10.169889322,      -7.469889322,      -8.369889322,      -5.569889322,      -6.769889322,      -0.469889322
          0,           0,        1427,     -10.172143748,      -7.472143748,      -8.372143748,      -5.572143748,      -6.772143748,      -0.472143748
          0,           0,        1428,     -10.174395670,      -7.474395670,      -8.374395670,      -5.574395670,      -6.774395670,      -0.474395670
          0,           0,        1429,     -10.176645092,      -7.476645092,      -8.376645092,      -5.576645092,      -6.776645092,      -0.476645092
          0,           0,        1430,     -10.178892015,      -7.478892015,      -8.378892015,      -5.578892015,      -6.778892015,      -0.478892015
          0,           0,        1431,     -10.181136444,      -7.481136444,      -8.381136444,      -5.581136444,      -6.781136444,      -0.481136444
          0,           0,        1432,     -10.183378380,      -7.483378380,      -8.383378380,      -5.583378380,      -6.783378380,      -0.483378380
          0,           0,        1433,     -10.185617826,      -7.485617826,      -8.385617826,      -5.585617826,      -6.785617826,      -0.485617826
          0,           0,        1434,     -10.187854786,      -7.487854786,      -8.387854786,      -5.587854786,      -6.787854786,      -0.487854786
          0,           0,        1435,     -10.190089261,      -7.490089261,      -8.390089261,      -5.590089261,      -6.790089261,      -0.490089261
          0,           0,        1436,     -10.192321255,      -7.492321255,      -8.392321255,      -5.592321255,      -6.792321255,      -0.492321255
          0,           0,        1437,     -10.194550770,      -7.494550770,      -8.394550770,      -5.594550770,      -6.794550770,      -0.494550770
          0,           0,        1438,     -10.196777810,      -7.496777810,      -8.396777810,      -5.596777810,      -6.796777810,      -0.496777810
          0,           0,        1439,     -10.199002376,      -7.499002376,      -8.399002376,      -5.599002376,      -6.799002376,      -0.499002376
          0,           0,        1440,     -10.201224472,      -7.501224472,      -8.401224472,      -5.601224472,      -6.801224472,      -0.501224472
          0,           0,        1441,     -10.203444100,      -7.503444100,      -8.403444100,      -5.603444100,      -6.803444100,      -0.503444100
          0,           0,        1442,     -10.205661264,      -7.505661264,      -8.405661264,      -5.605661264,      -6.805661264,      -0.505661264
          0,           0,        1443,     -10.207875965,      -7.507875965,      -8.407875965,      -5.607875965,      -6.807875965,      -0.507875965
          0,           0,        1444,     -10.210088207,      -7.510088207,      -8.410088207,      -5.610088207,      -6.810088207,      -0.510088207
          0,           0,        1445,     -10.212297992,      -7.512297992,      -8.412297992,      -5.612297992,      -6.812297992,      -0.512297992
          0,           0,        1446,     -10.214505323,      -7.514505323,      -8.414505323,      -5.614505323,      -6.814505323,      -0.514505323
          0,           0,        1447,     -10.216710203,      -7.516710203,      -8.416710203,      -5.616710203,      -6.816710203,      -0.516710203
          0,           0,        1448,     -10.218912635,      -7.518912635,      -8.418912635,      -5.618912635,      -6.818912635,      -0.518912635
          0,           0,        1449,     -10.221112621,      -7.521112621,      -8.421112621,      -5.621112621,      -6.821112621,      -0.521112621
          0,           0,        1450,     -10.223310163,      -7.523310163,      -8.423310163,      -5.623310163,      -6.823310163,      -0.523310163
          0,           0,        1451,     -10.225505266,      -7.525505266,      -8.425505266,      -5.625505266,      -6.825505266,      -0.525505266
          0,           0,        1452,     -10.227697930,      -7.527697930,      -8.427697930,      -5.627697930,      -6.827697930,      -0.527697930
          0,           0,        1453,     -10.229888160,      -7.529888160,      -8.429888160,      -5.629888160,      -6.829888160,      -0.529888160
          0,           0,        1454,     -10.232075958,      -7.532075958,      -8.432075958,      -5.632075958,      -6.832075958,      -0.532075958
          0,           0,        1455,     -10.234261325,      -7.534261325,      -8.434261325,      -5.634261325,      -6.834261325,      -0.534261325
          0,           0,        1456,     -10.236444267,      -7.536444267,      -8.436444267,      -5.636444267,      -6.836444267,      -0.536444267
          0,           0,        1457,     -10.238624784,      -7.538624784,      -8.438624784,      -5.638624784,      -6.838624784,      -0.538624784
          0,           0,        1458,     -10.240802879,      -7.540802879,      -8.440802879,      -5.640802879,      -6.840802879,      -0.540802879
          0,           0,        1459,     -10.242978556,      -7.542978556,      -8.442978556,      -5.642978556,      -6.842978556,      -0.542978556
          0,           0,        1460,     -10.245151817,      -7.545151817,      -8.445151817,      -5.645151817,      -6.845151817,      -0.545151817
          0,           0,        1461,     -10.247322664,      -7.547322664,      -8.447322664,      -5.647322664,      -6.847322664,      -0.547322664
          0,           0,        1462,     -10.249491100,      -7.549491100,      -8.449491100,      -5.649491100,      -6.849491100,      -0.549491100
          0,           0,        1463,     -10.251657129,      -7.551657129,      -8.451657129,      -5.651657129,      -6.851657129,      -0.551657129
          0,           0,        1464,     -10.253820752,      -7.553820752,      -8.453820752,      -5.653820752,      -6.853820752,      -0.553820752
          0,           0,        1465,     -10.255981973,      -7.555981973,      -8.455981973,      -5.655981973,      -6.855981973,      -0.555981973
          0,           0,        1466,     -10.258140793,      -7.558140793,      -8.458140793,      -5.658140793,      -6.858140793,      -0.558140793
          0,           0,        1467,     -10.260297216,      -7.560297216,      -8.460297216,      -5.660297216,      -6.860297216,      -0.560297216
          0,           0,        1468,     -10.262451245,      -7.562451245,      -8.462451245,      -5.662451245,      -6.862451245,      -0.562451245
          0,           0,        1469,     -10.264602881,      -7.564602881,      -8.464602881,      -5.664602881,      -6.864602881,      -0.564602881
          0,           0,        1470,     -10.266752128,      -7.566752128,      -8.466752128,      -5.666752128,      -6.866752128,      -0.566752128
          0,           0,        1471,     -10.268898988,      -7.568898988,      -8.468898988,      -5.668898988,      -6.868898988,      -0.568898988
          0,           0,        1472,     -10.271043464,      -7.571043464,      -8.471043464,      -5.671043464,      -6.871043464,      -0.571043464
          0,           0,        1473,     -10.273185559,      -7.573185559,      -8.473185559,      -5.673185559,      -6.873185559,      -0.573185559
          0,           0,        1474,     -10.275325275,      -7.575325275,      -8.475325275,      -5.675325275,      -6.875325275,      -0.575325275
          0,           0,        1475,     -10.277462615,      -7.577462615,      -8.477462615,      -5.677462615,      -6.877462615,      -0.577462615
          0,           0,        1476,     -10.279597581,      -7.579597581,      -8.479597581,      -5.679597581,      -6.879597581,      -0.579597581
          0,           0,        1477,     -10.281730177,      -7.581730177,      -8.481730177,      -5.681730177,      -6.881730177,      -0.581730177
          0,           0,        1478,     -10.283860404,      -7.583860404,      -8.483860404,      -5.683860404,      -6.883860404,      -0.583860404
          0,           0,        1479,     -10.285988266,      -7.585988266,      -8.485988266,      -5.685988266,      -6.885988266,      -0.585988266
          0,           0,        1480,     -10.288113764,      -7.588113764,      -8.488113764,      -5.688113764,      -6.888113764,      -0.588113764
          0,           0,        1481,     -10.290236903,      -7.590236903,      -8.490236903,      -5.690236903,      -6.890236903,      -0.590236903
          0,           0,        1482,     -10.292357683,      -7.592357683,      -8.492357683,      -5.692357683,      -6.892357683,      -0.592357683
          0,           0,        1483,     -10.294476109,      -7.594476109,      -8.494476109,      -5.694476109,      -6.894476109,      -0.594476109
          0,           0,        1484,     -10.296592182,      -7.596592182,      -8.496592182,      -5.696592182,      -6.896592182,      -0.596592182
          0,           0,        1485,     -10.298705905,      -7.598705905,      -8.498705905,      -5.698705905,      -6.898705905,      -0.598705905
          0,           0,        1486,     -10.300817280,      -7.600817280,      -8.500817280,      -5.700817280,      -6.900817280,      -0.600817280
          0,           0,        1487,     -10.302926312,      -7.602926312,      -8.502926312,      -5.702926312,      -6.902926312,      -0.602926312
          0,           0,        1488,     -10.305033001,      -7.605033001,      -8.505033001,      -5.705033001,      -6.905033001,      -0.605033001
          0,           0,        1489,     -10.307137350,      -7.607137350,      -8.507137350,      -5.707137350,      -6.907137350,      -0.607137350
          0,           0,        1490,     -10.309239363,      -7.609239363,      -8.509239363,      -5.709239363,      -6.909239363,      -0.609239363
          0,           0,        1491,     -10.311339041,      -7.611339041,      -8.511339041,      -5.711339041,      -6.911339041,      -0.611339041
          0,           0,        1492,     -10.313436388,      -7.613436388,      -8.513436388,      -5.713436388,      -6.913436388,      -0.613436388
          0,           0,        1493,     -10.315531406,      -7.615531406,      -8.515531406,      -5.715531406,      -6.915531406,      -0.615531406
          0,           0,        1494,     -10.317624097,      -7.617624097,      -8.517624097,      -5.717624097,      -6.917624097,      -0.617624097
          0,           0,        1495,     -10.319714464,      -7.619714464,      -8.519714464,      -5.719714464,      -6.919714464,      -0.619714464
          0,           0,        1496,     -10.321802510,      -7.621802510,      -8.521802510,      -5.721802510,      -6.921802510,      -0.621802510
          0,           0,        1497,     -10.323888237,      -7.623888237,      -8.523888237,      -5.723888237,      -6.923888237,      -0.623888237
          0,           0,        1498,     -10.325971648,      -7.625971648,      -8.525971648,      -5.725971648,      -6.925971648,      -0.625971648
          0,           0,        1499,     -10.328052746,      -7.628052746,      -8.528052746,      -5.728052746,      -6.928052746,      -0.628052746
          0,           0,        1500,     -10.330131532,      -7.630131532,      -8.530131532,      -5.730131532,      -6.930131532,      -0.630131532
          0,           0,        1501,     -10.332208010,      -7.632208010,      -8.532208010,      -5.732208010,      -6.932208010,      -0.632208010
          0,           0,        1502,     -10.334282182,      -7.634282182,      -8.534282182,      -5.734282182,      -6.934282182,      -0.634282182
          0,           0,        1503,     -10.336354050,      -7.636354050,      -8.536354050,      -5.736354050,      -6.936354050,      -0.636354050
          0,           0,        1504,     -10.338423618,      -7.638423618,      -8.538423618,      -5.738423618,      -6.938423618,      -0.638423618
          0,           0,        1505,     -10.340490887,      -7.640490887,      -8.540490887,      -5.740490887,      -6.940490887,      -0.640490887
          0,           0,        1506,     -10.342555861,      -7.642555861,      -8.542555861,      -5.742555861,      -6.942555861,      -0.642555861
          0,           0,        1507,     -10.344618542,      -7.644618542,      -8.544618542,      -5.744618542,      -6.944618542,      -0.644618542
          0,           0,        1508,     -10.346678932,      -7.646678932,      -8.546678932,      -5.746678932,      -6.946678932,      -0.646678932
          0,           0,        1509,     -10.348737034,      -7.648737034,      -8.548737034,      -5.748737034,      -6.948737034,      -0.648737034
          0,           0,        1510,     -10.350792851,      -7.650792851,      -8.550792851,      -5.750792851,      -6.950792851,      -0.650792851
          0,           0,        1511,     -10.352846384,      -7.652846384,      -8.552846384,      -5.752846384,      -6.952846384,      -0.652846384
          0,           0,        1512,     -10.354897637,      -7.654897637,      -8.554897637,      -5.754897637,      -6.954897637,      -0.654897637
          0,           0,        1513,     -10.356946612,      -7.656946612,      -8.556946612,      -5.756946612,      -6.956946612,      -0.656946612
          0,           0,        1514,     -10.358993312,      -7.658993312,      -8.558993312,      -5.758993312,      -6.958993312,      -0.658993312
          0,           0,        1515,     -10.361037739,      -7.661037739,      -8.561037739,      -5.761037739,      -6.961037739,      -0.661037739
          0,           0,        1516,     -10.363079896,      -7.663079896,      -8.563079896,      -5.763079896,      -6.963079896,      -0.663079896
          0,           0,        1517,     -10.365119785,      -7.665119785,      -8.565119785,      -5.765119785,      -6.965119785,      -0.665119785
          0,           0,        1518,     -10.367157408,      -7.667157408,      -8.567157408,      -5.767157408,      -6.967157408,      -0.667157408
          0,           0,        1519,     -10.369192769,      -7.669192769,      -8.569192769,      -5.769192769,      -6.969192769,      -0.669192769
          0,           0,        1520,     -10.371225870,      -7.671225870,      -8.571225870,      -5.771225870,      -6.971225870,      -0.671225870
          0,           0,        1521,     -10.373256712,      -7.673256712,      -8.573256712,      -5.773256712,      -6.973256712,      -0.673256712
          0,           0,        1522,     -10.375285300,      -7.675285300,      -8.575285300,      -5.775285300,      -6.975285300,      -0.675285300
          0,           0,        1523,     -10.377311635,      -7.677311635,      -8.577311635,      -5.777311635,      -6.977311635,      -0.677311635
          0,           0,        1524,     -10.379335719,      -7.679335719,      -8.579335719,      -5.779335719,      -6.979335719,      -0.679335719
          0,           0,        1525,     -10.381357556,      -7.681357556,      -8.581357556,      -5.781357556,      -6.981357556,      -0.681357556
          0,           0,        1526,     -10.383377148,      -7.683377148,      -8.583377148,      -5.783377148,      -6.983377148,      -0.683377148
          0,           0,        1527,     -10.385394497,      -7.685394497,      -8.585394497,      -5.785394497,      -6.985394497,      -0.685394497
          0,           0,        1528,     -10.387409605,      -7.687409605,      -8.587409605,      -5.787409605,      -6.987409605,      -0.687409605
          0,           0,        1529,     -10.389422476,      -7.689422476,      -8.589422476,      -5.789422476,      -6.989422476,      -0.689422476
          0,           0,        1530,     -10.391433112,      -7.691433112,      -8.591433112,      -5.791433112,      -6.991433112,      -0.691433112
          0,           0,        1531,     -10.393441515,      -7.693441515,      -8.593441515,      -5.793441515,      -6.993441515,      -0.693441515
          0,           0,        1532,     -10.395447687,      -7.695447687,      -8.595447687,      -5.795447687,      -6.995447687,      -0.695447687
          0,           0,        1533,     -10.397451632,      -7.697451632,      -8.597451632,      -5.797451632,      -6.997451632,      -0.697451632
          0,           0,        1534,     -10.399453351,      -7.699453351,      -8.599453351,      -5.799453351,      -6.999453351,      -0.699453351
          0,           0,        1535,     -10.401452847,      -7.701452847,      -8.601452847,      -5.801452847,      -7.001452847,      -0.701452847
          0,           0,        1536,     -10.403450123,      -7.703450123,      -8.603450123,      -5.803450123,      -7.003450123,      -0.703450123
          0,           0,        1537,     -10.405445181,      -7.705445181,      -8.605445181,      -5.805445181,      -7.005445181,      -0.705445181
          0,           0,        1538,     -10.407438024,      -7.707438024,      -8.607438024,      -5.807438024,      -7.007438024,      -0.707438024
          0,           0,        1539,     -10.409428653,      -7.709428653,      -8.609428653,      -5.809428653,      -7.009428653,      -0.709428653
          0,           0,        1540,     -10.411417072,      -7.711417072,      -8.611417072,      -5.811417072,      -7.011417072,      -0.711417072
          0,           0,        1541,     -10.413403283,      -7.713403283,      -8.613403283,      -5.813403283,      -7.013403283,      -0.713403283
          0,           0,        1542,     -10.415387288,      -7.715387288,      -8.615387288,      -5.815387288,      -7.015387288,      -0.715387288
          0,           0,        1543,     -10.417369089,      -7.717369089,      -8.617369089,      -5.817369089,      -7.017369089,      -0.717369089
          0,           0,        1544,     -10.419348691,      -7.719348691,      -8.619348691,      -5.819348691,      -7.019348691,      -0.719348691
          0,           0,        1545,     -10.421326093,      -7.721326093,      -8.621326093,      -5.821326093,      -7.021326093,      -0.721326093
          0,           0,        1546,     -10.423301300,      -7.723301300,      -8.623301300,      -5.823301300,      -7.023301300,      -0.723301300
          0,           0,        1547,     -10.425274313,      -7.725274313,      -8.625274313,      -5.825274313,      -7.025274313,      -0.725274313
          0,           0,        1548,     -10.427245136,      -7.727245136,      -8.627245136,      -5.827245136,      -7.027245136,      -0.727245136
          0,           0,        1549,     -10.429213769,      -7.729213769,      -8.629213769,      -5.829213769,      -7.029213769,      -0.729213769
          0,           0,        1550,     -10.431180217,      -7.731180217,      -8.631180217,      -5.831180217,      -7.031180217,      -0.731180217
          0,           0,        1551,     -10.433144481,      -7.733144481,      -8.633144481,      -5.833144481,      -7.033144481,      -0.733144481
          0,           0,        1552,     -10.435106563,      -7.735106563,      -8.635106563,      -5.835106563,      -7.035106563,      -0.735106563
          0,           0,        1553,     -10.437066467,      -7.737066467,      -8.637066467,      -5.837066467,      -7.037066467,      -0.737066467
          0,           0,        1554,     -10.439024194,      -7.739024194,      -8.639024194,      -5.839024194,      -7.039024194,      -0.739024194
          0,           0,        1555,     -10.440979747,      -7.740979747,      -8.640979747,      -5.840979747,      -7.040979747,      -0.740979747
          0,           0,        1556,     -10.442933129,      -7.742933129,      -8.642933129,      -5.842933129,      -7.042933129,      -0.742933129
          0,           0,        1557,     -10.444884341,      -7.744884341,      -8.644884341,      -5.844884341,      -7.044884341,      -0.744884341
          0,           0,        1558,     -10.446833387,      -7.746833387,      -8.646833387,      -5.846833387,      -7.046833387,      -0.746833387
          0,           0,        1559,     -10.448780268,      -7.748780268,      -8.648780268,      -5.848780268,      -7.048780268,      -0.748780268
          0,           0,        1560,     -10.450724987,      -7.750724987,      -8.650724987,      -5.850724987,      -7.050724987,      -0.750724987
          0,           0,        1561,     -10.452667547,      -7.752667547,      -8.652667547,      -5.852667547,      -7.052667547,      -0.752667547
          0,           0,        1562,     -10.454607949,      -7.754607949,      -8.654607949,      -5.854607949,      -7.054607949,      -0.754607949
          0,           0,        1563,     -10.456546196,      -7.756546196,      -8.656546196,      -5.856546196,      -7.056546196,      -0.756546196
          0,           0,        1564,     -10.458482291,      -7.758482291,      -8.658482291,      -5.858482291,      -7.058482291,      -0.758482291
          0,           0,        1565,     -10.460416236,      -7.760416236,      -8.660416236,      -5.860416236,      -7.060416236,      -0.760416236
          0,           0,        1566,     -10.462348034,      -7.762348034,      -8.662348034,      -5.862348034,      -7.062348034,      -0.762348034
          0,           0,        1567,     -10.464277686,      -7.764277686,      -8.664277686,      -5.864277686,      -7.064277686,      -0.764277686
          0,           0,        1568,     -10.466205195,      -7.766205195,      -8.666205195,      -5.866205195,      -7.066205195,      -0.766205195
          0,           0,        1569,     -10.468130564,      -7.768130564,      -8.668130564,      -5.868130564,      -7.068130564,      -0.768130564
          0,           0,        1570,     -10.470053795,      -7.770053795,      -8.670053795,      -5.870053795,      -7.070053795,      -0.770053795
          0,           0,        1571,     -10.471974890,      -7.771974890,      -8.671974890,      -5.871974890,      -7.071974890,      -0.771974890
          0,           0,        1572,     -10.473893852,      -7.773893852,      -8.673893852,      -5.873893852,      -7.073893852,      -0.773893852
          0,           0,        1573,     -10.475810682,      -7.775810682,      -8.675810682,      -5.875810682,      -7.075810682,      -0.775810682
          0,           0,        1574,     -10.477725384,      -7.777725384,      -8.677725384,      -5.877725384,      -7.077725384,      -0.777725384
          0,           0,        1575,     -10.479637960,      -7.779637960,      -8.679637960,      -5.879637960,      -7.079637960,      -0.779637960
          0,           0,        1576,     -10.481548412,      -7.781548412,      -8.681548412,      -5.881548412,      -7.081548412,      -0.781548412
          0,           0,        1577,     -10.483456742,      -7.783456742,      -8.683456742,      -5.883456742,      -7.083456742,      -0.783456742
          0,           0,        1578,     -10.485362953,      -7.785362953,      -8.685362953,      -5.885362953,      -7.085362953,      -0.785362953
          0,           0,        1579,     -10.487267047,      -7.787267047,      -8.687267047,      -5.887267047,      -7.087267047,      -0.787267047
          0,           0,        1580,     -10.489169027,      -7.789169027,      -8.689169027,      -5.889169027,      -7.089169027,      -0.789169027
          0,           0,        1581,     -10.491068895,      -7.791068895,      -8.691068895,      -5.891068895,      -7.091068895,      -0.791068895
          0,           0,        1582,     -10.492966652,      -7.792966652,      -8.692966652,      -5.892966652,      -7.092966652,      -0.792966652
          0,           0,        1583,     -10.494862303,      -7.794862303,      -8.694862303,      -5.894862303,      -7.094862303,      -0.794862303
          0,           0,        1584,     -10.496755848,      -7.796755848,      -8.696755848,      -5.896755848,      -7.096755848,      -0.796755848
          0,           0,        1585,     -10.498647291,      -7.798647291,      -8.698647291,      -5.898647291,      -7.098647291,      -0.798647291
          0,           0,        1586,     -10.500536633,      -7.800536633,      -8.700536633,      -5.900536633,      -7.100536633,      -0.800536633
          0,           0,        1587,     -10.502423877,      -7.802423877,      -8.702423877,      -5.902423877,      -7.102423877,      -0.802423877
          0,           0,        1588,     -10.504309025,      -7.804309025,      -8.704309025,      -5.904309025,      -7.104309025,      -0.804309025
          0,           0,        1589,     -10.506192080,      -7.806192080,      -8.706192080,      -5.906192080,      -7.106192080,      -0.806192080
          0,           0,        1590,     -10.508073043,      -7.808073043,      -8.708073043,      -5.908073043,      -7.108073043,      -0.808073043
          0,           0,        1591,     -10.509951918,      -7.809951918,      -8.709951918,      -5.909951918,      -7.109951918,      -0.809951918
          0,           0,        1592,     -10.511828706,      -7.811828706,      -8.711828706,      -5.911828706,      -7.111828706,      -0.811828706
          0,           0,        1593,     -10.513703411,      -7.813703411,      -8.713703411,      -5.913703411,      -7.113703411,      -0.813703411
          0,           0,        1594,     -10.515576033,      -7.815576033,      -8.715576033,      -5.915576033,      -7.115576033,      -0.815576033
          0,           0,        1595,     -10.517446576,      -7.817446576,      -8.717446576,      -5.917446576,      -7.117446576,      -0.817446576
          0,           0,        1596,     -10.519315041,      -7.819315041,      -8.719315041,      -5.919315041,      -7.119315041,      -0.819315041
          0,           0,        1597,     -10.521181432,      -7.821181432,      -8.721181432,      -5.921181432,      -7.121181432,      -0.821181432
          0,           0,        1598,     -10.523045750,      -7.823045750,      -8.723045750,      -5.923045750,      -7.123045750,      -0.823045750
          0,           0,        1599,     -10.524907998,      -7.824907998,      -8.724907998,      -5.924907998,      -7.124907998,      -0.824907998
          0,           0,        1600,     -10.526768177,      -7.826768177,      -8.726768177,      -5.926768177,      -7.126768177,      -0.826768177
          0,           0,        1601,     -10.528626291,      -7.828626291,      -8.728626291,      -5.928626291,      -7.128626291,      -0.828626291
          0,           0,        1602,     -10.530482342,      -7.830482342,      -8.730482342,      -5.930482342,      -7.130482342,      -0.830482342
          0,           0,        1603,     -10.532336331,      -7.832336331,      -8.732336331,      -5.932336331,      -7.132336331,      -0.832336331
          0,           0,        1604,     -10.534188262,      -7.834188262,      -8.734188262,      -5.934188262,      -7.134188262,      -0.834188262
          0,           0,        1605,     -10.536038136,      -7.836038136,      -8.736038136,      -5.936038136,      -7.136038136,      -0.836038136
          0,           0,        1606,     -10.537885956,      -7.837885956,      -8.737885956,      -5.937885956,      -7.137885956,      -0.837885956
          0,           0,        1607,     -10.539731724,      -7.839731724,      -8.739731724,      -5.939731724,      -7.139731724,      -0.839731724
          0,           0,        1608,     -10.541575442,      -7.841575442,      -8.741575442,      -5.941575442,      -7.141575442,      -0.841575442
          0,           0,        1609,     -10.543417112,      -7.843417112,      -8.743417112,      -5.943417112,      -7.143417112,      -0.843417112
          0,           0,        1610,     -10.545256738,      -7.845256738,      -8.745256738,      -5.945256738,      -7.145256738,      -0.845256738
          0,           0,        1611,     -10.547094320,      -7.847094320,      -8.747094320,      -5.947094320,      -7.147094320,      -0.847094320
          0,           0,        1612,     -10.548929862,      -7.848929862,      -8.748929862,      -5.948929862,      -7.148929862,      -0.848929862
          0,           0,        1613,     -10.550763366,      -7.850763366,      -8.750763366,      -5.950763366,      -7.150763366,      -0.850763366
          0,           0,        1614,     -10.552594833,      -7.852594833,      -8.752594833,      -5.952594833,      -7.152594833,      -0.852594833
          0,           0,        1615,     -10.554424267,      -7.854424267,      -8.754424267,      -5.954424267,      -7.154424267,      -0.854424267
          0,           0,        1616,     -10.556251669,      -7.856251669,      -8.756251669,      -5.956251669,      -7.156251669,      -0.856251669
          0,           0,        1617,     -10.558077042,      -7.858077042,      -8.758077042,      -5.958077042,      -7.158077042,      -0.858077042
          0,           0,        1618,     -10.559900387,      -7.859900387,      -8.759900387,      -5.959900387,      -7.159900387,      -0.859900387
          0,           0,        1619,     -10.561721708,      -7.861721708,      -8.761721708,      -5.961721708,      -7.161721708,      -0.861721708
          0,           0,        1620,     -10.563541007,      -7.863541007,      -8.763541007,      -5.963541007,      -7.163541007,      -0.863541007
          0,           0,        1621,     -10.565358285,      -7.865358285,      -8.765358285,      -5.965358285,      -7.165358285,      -0.865358285
          0,           0,        1622,     -10.567173544,      -7.867173544,      -8.767173544,      -5.967173544,      -7.167173544,      -0.867173544
          0,           0,        1623,     -10.568986789,      -7.868986789,      -8.768986789,      -5.968986789,      -7.168986789,      -0.868986789
          0,           0,        1624,     -10.570798019,      -7.870798019,      -8.770798019,      -5.970798019,      -7.170798019,      -0.870798019
          0,           0,        1625,     -10.572607238,      -7.872607238,      -8.772607238,      -5.972607238,      -7.172607238,      -0.872607238
          0,           0,        1626,     -10.574414448,      -7.874414448,      -8.774414448,      -5.974414448,      -7.174414448,      -0.874414448
          0,           0,        1627,     -10.576219651,      -7.876219651,      -8.776219651,      -5.976219651,      -7.176219651,      -0.876219651
          0,           0,        1628,     -10.578022850,      -7.878022850,      -8.778022850,      -5.978022850,      -7.178022850,      -0.878022850
          0,           0,        1629,     -10.579824046,      -7.879824046,      -8.779824046,      -5.979824046,      -7.179824046,      -0.879824046
          0,           0,        1630,     -10.581623241,      -7.881623241,      -8.781623241,      -5.981623241,      -7.181623241,      -0.881623241
          0,           0,        1631,     -10.583420439,      -7.883420439,      -8.783420439,      -5.983420439,      -7.183420439,      -0.883420439
          0,           0,        1632,     -10.585215641,      -7.885215641,      -8.785215641,      -5.985215641,      -7.185215641,      -0.885215641
          0,           0,        1633,     -10.587008850,      -7.887008850,      -8.787008850,      -5.987008850,      -7.187008850,      -0.887008850
          0,           0,        1634,     -10.588800067,      -7.888800067,      -8.788800067,      -5.988800067,      -7.188800067,      -0.888800067
          0,           0,        1635,     -10.590589295,      -7.890589295,      -8.790589295,      -5.990589295,      -7.190589295,      -0.890589295
          0,           0,        1636,     -10.592376536,      -7.892376536,      -8.792376536,      -5.992376536,      -7.192376536,      -0.892376536
          0,           0,        1637,     -10.594161792,      -7.894161792,      -8.794161792,      -5.994161792,      -7.194161792,      -0.894161792
          0,           0,        1638,     -10.595945066,      -7.895945066,      -8.795945066,      -5.995945066,      -7.195945066,      -0.895945066
          0,           0,        1639,     -10.597726359,      -7.897726359,      -8.797726359,      -5.997726359,      -7.197726359,      -0.897726359
          0,           0,        1640,     -10.599505675,      -7.899505675,      -8.799505675,      -5.999505675,      -7.199505675,      -0.899505675
          0,           0,        1641,     -10.601283014,      -7.901283014,      -8.801283014,      -6.001283014,      -7.201283014,      -0.901283014
          0,           0,        1642,     -10.603058380,      -7.903058380,      -8.803058380,      -6.003058380,      -7.203058380,      -0.903058380
          0,           0,        1643,     -10.604831774,      -7.904831774,      -8.804831774,      -6.004831774,      -7.204831774,      -0.904831774
          0,           0,        1644,     -10.606603199,      -7.906603199,      -8.806603199,      -6.006603199,      -7.206603199,      -0.906603199
          0,           0,        1645,     -10.608372656,      -7.908372656,      -8.808372656,      -6.008372656,      -7.208372656,      -0.908372656
          0,           0,        1646,     -10.610140149,      -7.910140149,      -8.810140149,      -6.010140149,      -7.210140149,      -0.910140149
          0,           0,        1647,     -10.611905679,      -7.911905679,      -8.811905679,      -6.011905679,      -7.211905679,      -0.911905679
          0,           0,        1648,     -10.613669248,      -7.913669248,      -8.813669248,      -6.013669248,      -7.213669248,      -0.913669248
          0,           0,        1649,     -10.615430859,      -7.915430859,      -8.815430859,      -6.015430859,      -7.215430859,      -0.915430859
          0,           0,        1650,     -10.617190514,      -7.917190514,      -8.817190514,      -6.017190514,      -7.217190514,      -0.917190514
          0,           0,        1651,     -10.618948214,      -7.918948214,      -8.818948214,      -6.018948214,      -7.218948214,      -0.918948214
          0,           0,        1652,     -10.620703963,      -7.920703963,      -8.820703963,      -6.020703963,      -7.220703963,      -0.920703963
          0,           0,        1653,     -10.622457762,      -7.922457762,      -8.822457762,      -6.022457762,      -7.222457762,      -0.922457762
          0,           0,        1654,     -10.624209613,      -7.924209613,      -8.824209613,      -6.024209613,      -7.224209613,      -0.924209613
          0,           0,        1655,     -10.625959519,      -7.925959519,      -8.825959519,      -6.025959519,      -7.225959519,      -0.925959519
          0,           0,        1656,     -10.627707482,      -7.927707482,      -8.827707482,      -6.027707482,      -7.227707482,      -0.927707482
          0,           0,        1657,     -10.629453503,      -7.929453503,      -8.829453503,      -6.029453503,      -7.229453503,      -0.929453503
          0,           0,        1658,     -10.631197586,      -7.931197586,      -8.831197586,      -6.031197586,      -7.231197586,      -0.931197586
          0,           0,        1659,     -10.632939731,      -7.932939731,      -8.832939731,      -6.032939731,      -7.232939731,      -0.932939731
          0,           0,        1660,     -10.634679942,      -7.934679942,      -8.834679942,      -6.034679942,      -7.234679942,      -0.934679942
          0,           0,        1661,     -10.636418221,      -7.936418221,      -8.836418221,      -6.036418221,      -7.236418221,      -0.936418221
          0,           0,        1662,     -10.638154569,      -7.938154569,      -8.838154569,      -6.038154569,      -7.238154569,      -0.938154569
          0,           0,        1663,     -10.639888989,      -7.939888989,      -8.839888989,      -6.039888989,      -7.239888989,      -0.939888989
          0,           0,        1664,     -10.641621483,      -7.941621483,      -8.841621483,      -6.041621483,      -7.241621483,      -0.941621483
          0,           0,        1665,     -10.643352053,      -7.943352053,      -8.843352053,      -6.043352053,      -7.243352053,      -0.943352053
          0,           0,        1666,     -10.645080702,      -7.945080702,      -8.845080702,      -6.045080702,      -7.245080702,      -0.945080702
          0,           0,        1667,     -10.646807430,      -7.946807430,      -8.846807430,      -6.046807430,      -7.246807430,      -0.946807430
          0,           0,        1668,     -10.648532242,      -7.948532242,      -8.848532242,      -6.048532242,      -7.248532242,      -0.948532242
          0,           0,        1669,     -10.650255137,      -7.950255137,      -8.850255137,      -6.050255137,      -7.250255137,      -0.950255137
          0,           0,        1670,     -10.651976120,      -7.951976120,      -8.851976120,      -6.051976120,      -7.251976120,      -0.951976120
          0,           0,        1671,     -10.653695191,      -7.953695191,      -8.853695191,      -6.053695191,      -7.253695191,      -0.953695191
          0,           0,        1672,     -10.655412353,      -7.955412353,      -8.855412353,      -6.055412353,      -7.255412353,      -0.955412353
          0,           0,        1673,     -10.657127609,      -7.957127609,      -8.857127609,      -6.057127609,      -7.257127609,      -0.957127609
          0,           0,        1674,     -10.658840959,      -7.958840959,      -8.858840959,      -6.058840959,      -7.258840959,      -0.958840959
          0,           0,        1675,     -10.660552407,      -7.960552407,      -8.860552407,      -6.060552407,      -7.260552407,      -0.960552407
          0,           0,        1676,     -10.662261955,      -7.962261955,      -8.862261955,      -6.062261955,      -7.262261955,      -0.962261955
          0,           0,        1677,     -10.663969604,      -7.963969604,      -8.863969604,      -6.063969604,      -7.263969604,      -0.963969604
          0,           0,        1678,     -10.665675356,      -7.965675356,      -8.865675356,      -6.065675356,      -7.265675356,      -0.965675356
          0,           0,        1679,     -10.667379215,      -7.967379215,      -8.867379215,      -6.067379215,      -7.267379215,      -0.967379215
          0,           0,        1680,     -10.669081181,      -7.969081181,      -8.869081181,      -6.069081181,      -7.269081181,      -0.969081181
          0,           0,        1681,     -10.670781257,      -7.970781257,      -8.870781257,      -6.070781257,      -7.270781257,      -0.970781257
          0,           0,        1682,     -10.672479446,      -7.972479446,      -8.872479446,      -6.072479446,      -7.272479446,      -0.972479446
          0,           0,        1683,     -10.674175748,      -7.974175748,      -8.874175748,      -6.074175748,      -7.274175748,      -0.974175748
          0,           0,        1684,     -10.675870167,      -7.975870167,      -8.875870167,      -6.075870167,      -7.275870167,      -0.975870167
          0,           0,        1685,     -10.677562704,      -7.977562704,      -8.877562704,      -6.077562704,      -7.277562704,      -0.977562704
          0,           0,        1686,     -10.679253361,      -7.979253361,      -8.879253361,      -6.079253361,      -7.279253361,      -0.979253361
          0,           0,        1687,     -10.680942142,      -7.980942142,      -8.880942142,      -6.080942142,      -7.280942142,      -0.980942142
          0,           0,        1688,     -10.682629046,      -7.982629046,      -8.882629046,      -6.082629046,      -7.282629046,      -0.982629046
          0,           0,        1689,     -10.684314078,      -7.984314078,      -8.884314078,      -6.084314078,      -7.284314078,      -0.984314078
          0,           0,        1690,     -10.685997238,      -7.985997238,      -8.885997238,      -6.085997238,      -7.285997238,      -0.985997238
          0,           0,        1691,     -10.687678529,      -7.987678529,      -8.887678529,      -6.087678529,      -7.287678529,      -0.987678529
          0,           0,        1692,     -10.689357953,      -7.989357953,      -8.889357953,      -6.089357953,      -7.289357953,      -0.989357953
          0,           0,        1693,     -10.691035512,      -7.991035512,      -8.891035512,      -6.091035512,      -7.291035512,      -0.991035512
          0,           0,        1694,     -10.692711208,      -7.992711208,      -8.892711208,      -6.092711208,      -7.292711208,      -0.992711208
          0,           0,        1695,     -10.694385043,      -7.994385043,      -8.894385043,      -6.094385043,      -7.294385043,      -0.994385043
          0,           0,        1696,     -10.696057020,      -7.996057020,      -8.896057020,      -6.096057020,      -7.296057020,      -0.996057020
          0,           0,        1697,     -10.697727140,      -7.997727140,      -8.897727140,      -6.097727140,      -7.297727140,      -0.997727140
          0,           0,        1698,     -10.699395405,      -7.999395405,      -8.899395405,      -6.099395405,      -7.299395405,      -0.999395405
          0,           0,        1699,     -10.701061817,      -8.001061817,      -8.901061817,      -6.101061817,      -7.301061817,      -1.001061817
          0,           0,        1700,     -10.702726379,      -8.002726379,      -8.902726379,      -6.102726379,      -7.302726379,      -1.002726379
          0,           0,        1701,     -10.704389093,      -8.004389093,      -8.904389093,      -6.104389093,      -7.304389093,      -1.004389093
          0,           0,        1702,     -10.706049960,      -8.006049960,      -8.906049960,      -6.106049960,      -7.306049960,      -1.006049960
          0,           0,        1703,     -10.707708982,      -8.007708982,      -8.907708982,      -6.107708982,      -7.307708982,      -1.007708982
          0,           0,        1704,     -10.709366162,      -8.009366162,      -8.909366162,      -6.109366162,      -7.309366162,      -1.009366162
          0,           0,        1705,     -10.711021503,      -8.011021503,      -8.911021503,      -6.111021503,      -7.311021503,      -1.011021503
          0,           0,        1706,     -10.712675004,      -8.012675004,      -8.912675004,      -6.112675004,      -7.312675004,      -1.012675004
          0,           0,        1707,     -10.714326670,      -8.014326670,      -8.914326670,      -6.114326670,      -7.314326670,      -1.014326670
          0,           0,        1708,     -10.715976501,      -8.015976501,      -8.915976501,      -6.115976501,      -7.315976501,      -1.015976501
          0,           0,        1709,     -10.717624501,      -8.017624501,      -8.917624501,      -6.117624501,      -7.317624501,      -1.017624501
          0,           0,        1710,     -10.719270670,      -8.019270670,      -8.919270670,      -6.119270670,      -7.319270670,      -1.019270670
          0,           0,        1711,     -10.720915011,      -8.020915011,      -8.920915011,      -6.120915011,      -7.320915011,      -1.020915011
          0,           0,        1712,     -10.722557526,      -8.022557526,      -8.922557526,      -6.122557526,      -7.322557526,      -1.022557526
          0,           0,        1713,     -10.724198217,      -8.024198217,      -8.924198217,      -6.124198217,      -7.324198217,      -1.024198217
          0,           0,        1714,     -10.725837086,      -8.025837086,      -8.925837086,      -6.125837086,      -7.325837086,      -1.025837086
          0,           0,        1715,     -10.727474135,      -8.027474135,      -8.927474135,      -6.127474135,      -7.327474135,      -1.027474135
          0,           0,        1716,     -10.729109366,      -8.029109366,      -8.929109366,      -6.129109366,      -7.329109366,      -1.029109366
          0,           0,        1717,     -10.730742782,      -8.030742782,      -8.930742782,      -6.130742782,      -7.330742782,      -1.030742782
          0,           0,        1718,     -10.732374383,      -8.032374383,      -8.932374383,      -6.132374383,      -7.332374383,      -1.032374383
          0,           0,        1719,     -10.734004173,      -8.034004173,      -8.934004173,      -6.134004173,      -7.334004173,      -1.034004173
          0,           0,        1720,     -10.735632152,      -8.035632152,      -8.935632152,      -6.135632152,      -7.335632152,      -1.035632152
          0,           0,        1721,     -10.737258324,      -8.037258324,      -8.937258324,      -6.137258324,      -7.337258324,      -1.037258324
          0,           0,        1722,     -10.738882690,      -8.038882690,      -8.938882690,      -6.138882690,      -7.338882690,      -1.038882690
          0,           0,        1723,     -10.740505252,      -8.040505252,      -8.940505252,      -6.140505252,      -7.340505252,      -1.040505252
          0,           0,        1724,     -10.742126012,      -8.042126012,      -8.942126012,      -6.142126012,      -7.342126012,      -1.042126012
          0,           0,        1725,     -10.743744973,      -8.043744973,      -8.943744973,      -6.143744973,      -7.343744973,      -1.043744973
          0,           0,        1726,     -10.745362135,      -8.045362135,      -8.945362135,      -6.145362135,      -7.345362135,      -1.045362135
          0,           0,        1727,     -10.746977502,      -8.046977502,      -8.946977502,      -6.146977502,      -7.346977502,      -1.046977502
          0,           0,        1728,     -10.748591075,      -8.048591075,      -8.948591075,      -6.148591075,      -7.348591075,      -1.048591075
          0,           0,        1729,     -10.750202856,      -8.050202856,      -8.950202856,      -6.150202856,      -7.350202856,      -1.050202856
          0,           0,        1730,     -10.751812847,      -8.051812847,      -8.951812847,      -6.151812847,      -7.351812847,      -1.051812847
          0,           0,        1731,     -10.753421050,      -8.053421050,      -8.953421050,      -6.153421050,      -7.353421050,      -1.053421050
          0,           0,        1732,     -10.755027468,      -8.055027468,      -8.955027468,      -6.155027468,      -7.355027468,      -1.055027468
          0,           0,        1733,     -10.756632101,      -8.056632101,      -8.956632101,      -6.156632101,      -7.356632101,      -1.056632101
          0,           0,        1734,     -10.758234952,      -8.058234952,      -8.958234952,      -6.158234952,      -7.358234952,      -1.058234952
          0,           0,        1735,     -10.759836024,      -8.059836024,      -8.959836024,      -6.159836024,      -7.359836024,      -1.059836024
          0,           0,        1736,     -10.761435317,      -8.061435317,      -8.961435317,      -6.161435317,      -7.361435317,      -1.061435317
          0,           0,        1737,     -10.763032835,      -8.063032835,      -8.963032835,      -6.163032835,      -7.363032835,      -1.063032835
          0,           0,        1738,     -10.764628579,      -8.064628579,      -8.964628579,      -6.164628579,      -7.364628579,      -1.064628579
          0,           0,        1739,     -10.766222550,      -8.066222550,      -8.966222550,      -6.166222550,      -7.366222550,      -1.066222550
          0,           0,        1740,     -10.767814751,      -8.067814751,      -8.967814751,      -6.167814751,      -7.367814751,      -1.067814751
          0,           0,        1741,     -10.769405184,      -8.069405184,      -8.969405184,      -6.169405184,      -7.369405184,      -1.069405184
          0,           0,        1742,     -10.770993852,      -8.070993852,      -8.970993852,      -6.170993852,      -7.370993852,      -1.070993852
          0,           0,        1743,     -10.772580754,      -8.072580754,      -8.972580754,      -6.172580754,      -7.372580754,      -1.072580754
          0,           0,        1744,     -10.774165895,      -8.074165895,      -8.974165895,      -6.174165895,      -7.374165895,      -1.074165895
          0,           0,        1745,     -10.775749275,      -8.075749275,      -8.975749275,      -6.175749275,      -7.375749275,      -1.075749275
          0,           0,        1746,     -10.777330897,      -8.077330897,      -8.977330897,      -6.177330897,      -7.377330897,      -1.077330897
          0,           0,        1747,     -10.778910763,      -8.078910763,      -8.978910763,      -6.178910763,      -7.378910763,      -1.078910763
          0,           0,        1748,     -10.780488874,      -8.080488874,      -8.980488874,      -6.180488874,      -7.380488874,      -1.080488874
          0,           0,        1749,     -10.782065233,      -8.082065233,      -8.982065233,      -6.182065233,      -7.382065233,      -1.082065233
          0,           0,        1750,     -10.783639841,      -8.083639841,      -8.983639841,      -6.183639841,      -7.383639841,      -1.083639841
          0,           0,        1751,     -10.785212700,      -8.085212700,      -8.985212700,      -6.185212700,      -7.385212700,      -1.085212700
          0,           0,        1752,     -10.786783813,      -8.086783813,      -8.986783813,      -6.186783813,      -7.386783813,      -1.086783813
          0,           0,        1753,     -10.788353181,      -8.088353181,      -8.988353181,      -6.188353181,      -7.388353181,      -1.088353181
          0,           0,        1754,     -10.789920807,      -8.089920807,      -8.989920807,      -6.189920807,      -7.389920807,      -1.089920807
          0,           0,        1755,     -10.791486691,      -8.091486691,      -8.991486691,      -6.191486691,      -7.391486691,      -1.091486691
          0,           0,        1756,     -10.793050837,      -8.093050837,      -8.993050837,      -6.193050837,      -7.393050837,      -1.093050837
          0,           0,        1757,     -10.794613246,      -8.094613246,      -8.994613246,      -6.194613246,      -7.394613246,      -1.094613246
          0,           0,        1758,     -10.796173919,      -8.096173919,      -8.996173919,      -6.196173919,      -7.396173919,      -1.096173919
          0,           0,        1759,     -10.797732860,      -8.097732860,      -8.997732860,      -6.197732860,      -7.397732860,      -1.097732860
          0,           0,        1760,     -10.799290069,      -8.099290069,      -8.999290069,      -6.199290069,      -7.399290069,      -1.099290069
          0,           0,        1761,     -10.800845549,      -8.100845549,      -9.000845549,      -6.200845549,      -7.400845549,      -1.100845549
          0,           0,        1762,     -10.802399302,      -8.102399302,      -9.002399302,      -6.202399302,      -7.402399302,      -1.102399302
          0,           0,        1763,     -10.803951329,      -8.103951329,      -9.003951329,      -6.203951329,      -7.403951329,      -1.103951329
          0,           0,        1764,     -10.805501633,      -8.105501633,      -9.005501633,      -6.205501633,      -7.405501633,      -1.105501633
          0,           0,        1765,     -10.807050215,      -8.107050215,      -9.007050215,      -6.207050215,      -7.407050215,      -1.107050215
          0,           0,        1766,     -10.808597077,      -8.108597077,      -9.008597077,      -6.208597077,      -7.408597077,      -1.108597077
          0,           0,        1767,     -10.810142222,      -8.110142222,      -9.010142222,      -6.210142222,      -7.410142222,      -1.110142222
          0,           0,        1768,     -10.811685651,      -8.111685651,      -9.011685651,      -6.211685651,      -7.411685651,      -1.111685651
          0,           0,        1769,     -10.813227366,      -8.113227366,      -9.013227366,      -6.213227366,      -7.413227366,      -1.113227366
          0,           0,        1770,     -10.814767369,      -8.114767369,      -9.014767369,      -6.214767369,      -7.414767369,      -1.114767369
          0,           0,        1771,     -10.816305661,      -8.116305661,      -9.016305661,      -6.216305661,      -7.416305661,      -1.116305661
          0,           0,        1772,     -10.817842246,      -8.117842246,      -9.017842246,      -6.217842246,      -7.417842246,      -1.117842246
          0,           0,        1773,     -10.819377123,      -8.119377123,      -9.019377123,      -6.219377123,      -7.419377123,      -1.119377123
          0,           0,        1774,     -10.820910297,      -8.120910297,      -9.020910297,      -6.220910297,      -7.420910297,      -1.120910297
          0,           0,        1775,     -10.822441768,      -8.122441768,      -9.022441768,      -6.222441768,      -7.422441768,      -1.122441768
          0,           0,        1776,     -10.823971538,      -8.123971538,      -9.023971538,      -6.223971538,      -7.423971538,      -1.123971538
          0,           0,        1777,     -10.825499610,      -8.125499610,      -9.025499610,      -6.225499610,      -7.425499610,      -1.125499610
          0,           0,        1778,     -10.827025984,      -8.127025984,      -9.027025984,      -6.227025984,      -7.427025984,      -1.127025984
          0,           0,        1779,     -10.828550664,      -8.128550664,      -9.028550664,      -6.228550664,      -7.428550664,      -1.128550664
          0,           0,        1780,     -10.830073650,      -8.130073650,      -9.030073650,      -6.230073650,      -7.430073650,      -1.130073650
          0,           0,        1781,     -10.831594945,      -8.131594945,      -9.031594945,      -6.231594945,      -7.431594945,      -1.131594945
          0,           0,        1782,     -10.833114551,      -8.133114551,      -9.033114551,      -6.233114551,      -7.433114551,      -1.133114551
          0,           0,        1783,     -10.834632469,      -8.134632469,      -9.034632469,      -6.234632469,      -7.434632469,      -1.134632469
          0,           0,        1784,     -10.836148701,      -8.136148701,      -9.036148701,      -6.236148701,      -7.436148701,      -1.136148701
          0,           0,        1785,     -10.837663250,      -8.137663250,      -9.037663250,      -6.237663250,      -7.437663250,      -1.137663250
          0,           0,        1786,     -10.839176117,      -8.139176117,      -9.039176117,      -6.239176117,      -7.439176117,      -1.139176117
          0,           0,        1787,     -10.840687304,      -8.140687304,      -9.040687304,      -6.240687304,      -7.440687304,      -1.140687304
          0,           0,        1788,     -10.842196812,      -8.142196812,      -9.042196812,      -6.242196812,      -7.442196812,      -1.142196812
          0,           0,        1789,     -10.843704645,      -8.143704645,      -9.043704645,      -6.243704645,      -7.443704645,      -1.143704645
          0,           0,        1790,     -10.845210803,      -8.145210803,      -9.045210803,      -6.245210803,      -7.445210803,      -1.145210803
          0,           0,        1791,     -10.846715288,      -8.146715288,      -9.046715288,      -6.246715288,      -7.446715288,      -1.146715288
          0,           0,        1792,     -10.848218103,      -8.148218103,      -9.048218103,      -6.248218103,      -7.448218103,      -1.148218103
          0,           0,        1793,     -10.849719248,      -8.149719248,      -9.049719248,      -6.249719248,      -7.449719248,      -1.149719248
          0,           0,        1794,     -10.851218727,      -8.151218727,      -9.051218727,      -6.251218727,      -7.451218727,      -1.151218727
          0,           0,        1795,     -10.852716541,      -8.152716541,      -9.052716541,      -6.252716541,      -7.452716541,      -1.152716541
          0,           0,        1796,     -10.854212691,      -8.154212691,      -9.054212691,      -6.254212691,      -7.454212691,      -1.154212691
          0,           0,        1797,     -10.855707180,      -8.155707180,      -9.055707180,      -6.255707180,      -7.455707180,      -1.155707180
          0,           0,        1798,     -10.857200009,      -8.157200009,      -9.057200009,      -6.257200009,      -7.457200009,      -1.157200009
          0,           0,        1799,     -10.858691180,      -8.158691180,      -9.058691180,      -6.258691180,      -7.458691180,      -1.158691180
          0,           0,        1800,     -10.860180696,      -8.160180696,      -9.060180696,      -6.260180696,      -7.460180696,      -1.160180696
          0,           0,        1801,     -10.861668557,      -8.161668557,      -9.061668557,      -6.261668557,      -7.461668557,      -1.161668557
          0,           0,        1802,     -10.863154766,      -8.163154766,      -9.063154766,      -6.263154766,      -7.463154766,      -1.163154766
          0,           0,        1803,     -10.864639325,      -8.164639325,      -9.064639325,      -6.264639325,      -7.464639325,      -1.164639325
          0,           0,        1804,     -10.866122235,      -8.166122235,      -9.066122235,      -6.266122235,      -7.466122235,      -1.166122235
          0,           0,        1805,     -10.867603499,      -8.167603499,      -9.067603499,      -6.267603499,      -7.467603499,      -1.167603499
          0,           0,        1806,     -10.869083117,      -8.169083117,      -9.069083117,      -6.269083117,      -7.469083117,      -1.169083117
          0,           0,        1807,     -10.870561092,      -8.170561092,      -9.070561092,      -6.270561092,      -7.470561092,      -1.170561092
          0,           0,        1808,     -10.872037426,      -8.172037426,      -9.072037426,      -6.272037426,      -7.472037426,      -1.172037426
          0,           0,        1809,     -10.873512121,      -8.173512121,      -9.073512121,      -6.273512121,      -7.473512121,      -1.173512121
          0,           0,        1810,     -10.874985178,      -8.174985178,      -9.074985178,      -6.274985178,      -7.474985178,      -1.174985178
          0,           0,        1811,     -10.876456599,      -8.176456599,      -9.076456599,      -6.276456599,      -7.476456599,      -1.176456599
          0,           0,        1812,     -10.877926386,      -8.177926386,      -9.077926386,      -6.277926386,      -7.477926386,      -1.177926386
          0,           0,        1813,     -10.879394541,      -8.179394541,      -9.079394541,      -6.279394541,      -7.479394541,      -1.179394541
          0,           0,        1814,     -10.880861065,      -8.180861065,      -9.080861065,      -6.280861065,      -7.480861065,      -1.180861065
          0,           0,        1815,     -10.882325961,      -8.182325961,      -9.082325961,      -6.282325961,      -7.482325961,      -1.182325961
          0,           0,        1816,     -10.883789230,      -8.183789230,      -9.083789230,      -6.283789230,      -7.483789230,      -1.183789230
          0,           0,        1817,     -10.885250875,      -8.185250875,      -9.085250875,      -6.285250875,      -7.485250875,      -1.185250875
          0,           0,        1818,     -10.886710896,      -8.186710896,      -9.086710896,      -6.286710896,      -7.486710896,      -1.186710896
          0,           0,        1819,     -10.888169295,      -8.188169295,      -9.088169295,      -6.288169295,      -7.488169295,      -1.188169295
          0,           0,        1820,     -10.889626076,      -8.189626076,      -9.089626076,      -6.289626076,      -7.489626076,      -1.189626076
          0,           0,        1821,     -10.891081238,      -8.191081238,      -9.091081238,      -6.291081238,      -7.491081238,      -1.191081238
          0,           0,        1822,     -10.892534785,      -8.192534785,      -9.092534785,      -6.292534785,      -7.492534785,      -1.192534785
          0,           0,        1823,     -10.893986717,      -8.193986717,      -9.093986717,      -6.293986717,      -7.493986717,      -1.193986717
          0,           0,        1824,     -10.895437037,      -8.195437037,      -9.095437037,      -6.295437037,      -7.495437037,      -1.195437037
          0,           0,        1825,     -10.896885746,      -8.196885746,      -9.096885746,      -6.296885746,      -7.496885746,      -1.196885746
          0,           0,        1826,     -10.898332847,      -8.198332847,      -9.098332847,      -6.298332847,      -7.498332847,      -1.198332847
          0,           0,        1827,     -10.899778341,      -8.199778341,      -9.099778341,      -6.299778341,      -7.499778341,      -1.199778341
          0,           0,        1828,     -10.901222229,      -8.201222229,      -9.101222229,      -6.301222229,      -7.501222229,      -1.201222229
          0,           0,        1829,     -10.902664514,      -8.202664514,      -9.102664514,      -6.302664514,      -7.502664514,      -1.202664514
          0,           0,        1830,     -10.904105197,      -8.204105197,      -9.104105197,      -6.304105197,      -7.504105197,      -1.204105197
          0,           0,        1831,     -10.905544281,      -8.205544281,      -9.105544281,      -6.305544281,      -7.505544281,      -1.205544281
          0,           0,        1832,     -10.906981766,      -8.206981766,      -9.106981766,      -6.306981766,      -7.506981766,      -1.206981766
          0,           0,        1833,     -10.908417655,      -8.208417655,      -9.108417655,      -6.308417655,      -7.508417655,      -1.208417655
          0,           0,        1834,     -10.909851950,      -8.209851950,      -9.109851950,      -6.309851950,      -7.509851950,      -1.209851950
          0,           0,        1835,     -10.911284652,      -8.211284652,      -9.111284652,      -6.311284652,      -7.511284652,      -1.211284652
          0,           0,        1836,     -10.912715762,      -8.212715762,      -9.112715762,      -6.312715762,      -7.512715762,      -1.212715762
          0,           0,        1837,     -10.914145284,      -8.214145284,      -9.114145284,      -6.314145284,      -7.514145284,      -1.214145284
          0,           0,        1838,     -10.915573218,      -8.215573218,      -9.115573218,      -6.315573218,      -7.515573218,      -1.215573218
          0,           0,        1839,     -10.916999566,      -8.216999566,      -9.116999566,      -6.316999566,      -7.516999566,      -1.216999566
          0,           0,        1840,     -10.918424330,      -8.218424330,      -9.118424330,      -6.318424330,      -7.518424330,      -1.218424330
          0,           0,        1841,     -10.919847513,      -8.219847513,      -9.119847513,      -6.319847513,      -7.519847513,      -1.219847513
          0,           0,        1842,     -10.921269114,      -8.221269114,      -9.121269114,      -6.321269114,      -7.521269114,      -1.221269114
          0,           0,        1843,     -10.922689137,      -8.222689137,      -9.122689137,      -6.322689137,      -7.522689137,      -1.222689137
          0,           0,        1844,     -10.924107584,      -8.224107584,      -9.124107584,      -6.324107584,      -7.524107584,      -1.224107584
          0,           0,        1845,     -10.925524454,      -8.225524454,      -9.125524454,      -6.325524454,      -7.525524454,      -1.225524454
          0,           0,        1846,     -10.926939752,      -8.226939752,      -9.126939752,      -6.326939752,      -7.526939752,      -1.226939752
          0,           0,        1847,     -10.928353478,      -8.228353478,      -9.128353478,      -6.328353478,      -7.528353478,      -1.228353478
          0,           0,        1848,     -10.929765634,      -8.229765634,      -9.129765634,      -6.329765634,      -7.529765634,      -1.229765634
          0,           0,        1849,     -10.931176221,      -8.231176221,      -9.131176221,      -6.331176221,      -7.531176221,      -1.231176221
          0,           0,        1850,     -10.932585243,      -8.232585243,      -9.132585243,      -6.332585243,      -7.532585243,      -1.232585243
          0,           0,        1851,     -10.933992699,      -8.233992699,      -9.133992699,      -6.333992699,      -7.533992699,      -1.233992699
          0,           0,        1852,     -10.935398593,      -8.235398593,      -9.135398593,      -6.335398593,      -7.535398593,      -1.235398593
          0,           0,        1853,     -10.936802925,      -8.236802925,      -9.136802925,      -6.336802925,      -7.536802925,      -1.236802925
          0,           0,        1854,     -10.938205698,      -8.238205698,      -9.138205698,      -6.338205698,      -7.538205698,      -1.238205698
          0,           0,        1855,     -10.939606913,      -8.239606913,      -9.139606913,      -6.339606913,      -7.539606913,      -1.239606913
          0,           0,        1856,     -10.941006572,      -8.241006572,      -9.141006572,      -6.341006572,      -7.541006572,      -1.241006572
          0,           0,        1857,     -10.942404677,      -8.242404677,      -9.142404677,      -6.342404677,      -7.542404677,      -1.242404677
          0,           0,        1858,     -10.943801229,      -8.243801229,      -9.143801229,      -6.343801229,      -7.543801229,      -1.243801229
          0,           0,        1859,     -10.945196230,      -8.245196230,      -9.145196230,      -6.345196230,      -7.545196230,      -1.245196230
          0,           0,        1860,     -10.946589682,      -8.246589682,      -9.146589682,      -6.346589682,      -7.546589682,      -1.246589682
          0,           0,        1861,     -10.947981587,      -8.247981587,      -9.147981587,      -6.347981587,      -7.547981587,      -1.247981587
          0,           0,        1862,     -10.949371946,      -8.249371946,      -9.149371946,      -6.349371946,      -7.549371946,      -1.249371946
          0,           0,        1863,     -10.950760761,      -8.250760761,      -9.150760761,      -6.350760761,      -7.550760761,      -1.250760761
          0,           0,        1864,     -10.952148034,      -8.252148034,      -9.152148034,      -6.352148034,      -7.552148034,      -1.252148034
          0,           0,        1865,     -10.953533766,      -8.253533766,      -9.153533766,      -6.353533766,      -7.553533766,      -1.253533766
          0,           0,        1866,     -10.954917959,      -8.254917959,      -9.154917959,      -6.354917959,      -7.554917959,      -1.254917959
          0,           0,        1867,     -10.956300616,      -8.256300616,      -9.156300616,      -6.356300616,      -7.556300616,      -1.256300616
          0,           0,        1868,     -10.957681736,      -8.257681736,      -9.157681736,      -6.357681736,      -7.557681736,      -1.257681736
          0,           0,        1869,     -10.959061323,      -8.259061323,      -9.159061323,      -6.359061323,      -7.559061323,      -1.259061323
          0,           0,        1870,     -10.960439378,      -8.260439378,      -9.160439378,      -6.360439378,      -7.560439378,      -1.260439378
          0,           0,        1871,     -10.961815903,      -8.261815903,      -9.161815903,      -6.361815903,      -7.561815903,      -1.261815903
          0,           0,        1872,     -10.963190899,      -8.263190899,      -9.163190899,      -6.363190899,      -7.563190899,      -1.263190899
          0,           0,        1873,     -10.964564368,      -8.264564368,      -9.164564368,      -6.364564368,      -7.564564368,      -1.264564368
          0,           0,        1874,     -10.965936312,      -8.265936312,      -9.165936312,      -6.365936312,      -7.565936312,      -1.265936312
          0,           0,        1875,     -10.967306733,      -8.267306733,      -9.167306733,      -6.367306733,      -7.567306733,      -1.267306733
          0,           0,        1876,     -10.968675631,      -8.268675631,      -9.168675631,      -6.368675631,      -7.568675631,      -1.268675631
          0,           0,        1877,     -10.970043010,      -8.270043010,      -9.170043010,      -6.370043010,      -7.570043010,      -1.270043010
          0,           0,        1878,     -10.971408870,      -8.271408870,      -9.171408870,      -6.371408870,      -7.571408870,      -1.271408870
          0,           0,        1879,     -10.972773213,      -8.272773213,      -9.172773213,      -6.372773213,      -7.572773213,      -1.272773213
          0,           0,        1880,     -10.974136041,      -8.274136041,      -9.174136041,      -6.374136041,      -7.574136041,      -1.274136041
          0,           0,        1881,     -10.975497355,      -8.275497355,      -9.175497355,      -6.375497355,      -7.575497355,      -1.275497355
          0,           0,        1882,     -10.976857158,      -8.276857158,      -9.176857158,      -6.376857158,      -7.576857158,      -1.276857158
          0,           0,        1883,     -10.978215451,      -8.278215451,      -9.178215451,      -6.378215451,      -7.578215451,      -1.278215451
          0,           0,        1884,     -10.979572236,      -8.279572236,      -9.179572236,      -6.379572236,      -7.579572236,      -1.279572236
          0,           0,        1885,     -10.980927513,      -8.280927513,      -9.180927513,      -6.380927513,      -7.580927513,      -1.280927513
          0,           0,        1886,     -10.982281286,      -8.282281286,      -9.182281286,      -6.382281286,      -7.582281286,      -1.282281286
          0,           0,        1887,     -10.983633556,      -8.283633556,      -9.183633556,      -6.383633556,      -7.583633556,      -1.283633556
          0,           0,        1888,     -10.984984323,      -8.284984323,      -9.184984323,      -6.384984323,      -7.584984323,      -1.284984323
          0,           0,        1889,     -10.986333591,      -8.286333591,      -9.186333591,      -6.386333591,      -7.586333591,      -1.286333591
          0,           0,        1890,     -10.987681360,      -8.287681360,      -9.187681360,      -6.387681360,      -7.587681360,      -1.287681360
          0,           0,        1891,     -10.989027633,      -8.289027633,      -9.189027633,      -6.389027633,      -7.589027633,      -1.289027633
          0,           0,        1892,     -10.990372411,      -8.290372411,      -9.190372411,      -6.390372411,      -7.590372411,      -1.290372411
          0,           0,        1893,     -10.991715695,      -8.291715695,      -9.191715695,      -6.391715695,      -7.591715695,      -1.291715695
          0,           0,        1894,     -10.993057487,      -8.293057487,      -9.193057487,      -6.393057487,      -7.593057487,      -1.293057487
          0,           0,        1895,     -10.994397790,      -8.294397790,      -9.194397790,      -6.394397790,      -7.594397790,      -1.294397790
          0,           0,        1896,     -10.995736604,      -8.295736604,      -9.195736604,      -6.395736604,      -7.595736604,      -1.295736604
          0,           0,        1897,     -10.997073931,      -8.297073931,      -9.197073931,      -6.397073931,      -7.597073931,      -1.297073931
          0,           0,        1898,     -10.998409774,      -8.298409774,      -9.198409774,      -6.398409774,      -7.598409774,      -1.298409774
          0,           0,        1899,     -10.999744132,      -8.299744132,      -9.199744132,      -6.399744132,      -7.599744132,      -1.299744132
          0,           0,        1900,     -11.001077009,      -8.301077009,      -9.201077009,      -6.401077009,      -7.601077009,      -1.301077009
          0,           0,        1901,     -11.002408406,      -8.302408406,      -9.202408406,      -6.402408406,      -7.602408406,      -1.302408406
          0,           0,        1902,     -11.003738325,      -8.303738325,      -9.203738325,      -6.403738325,      -7.603738325,      -1.303738325
          0,           0,        1903,     -11.005066766,      -8.305066766,      -9.205066766,      -6.405066766,      -7.605066766,      -1.305066766
          0,           0,        1904,     -11.006393732,      -8.306393732,      -9.206393732,      -6.406393732,      -7.606393732,      -1.306393732
          0,           0,        1905,     -11.007719225,      -8.307719225,      -9.207719225,      -6.407719225,      -7.607719225,      -1.307719225
          0,           0,        1906,     -11.009043246,      -8.309043246,      -9.209043246,      -6.409043246,      -7.609043246,      -1.309043246
          0,           0,        1907,     -11.010365796,      -8.310365796,      -9.210365796,      -6.410365796,      -7.610365796,      -1.310365796
          0,           0,        1908,     -11.011686878,      -8.311686878,      -9.211686878,      -6.411686878,      -7.611686878,      -1.311686878
          0,           0,        1909,     -11.013006492,      -8.313006492,      -9.213006492,      -6.413006492,      -7.613006492,      -1.313006492
          0,           0,        1910,     -11.014324642,      -8.314324642,      -9.214324642,      -6.414324642,      -7.614324642,      -1.314324642
          0,           0,        1911,     -11.015641327,      -8.315641327,      -9.215641327,      -6.415641327,      -7.615641327,      -1.315641327
          0,           0,        1912,     -11.016956550,      -8.316956550,      -9.216956550,      -6.416956550,      -7.616956550,      -1.316956550
          0,           0,        1913,     -11.018270313,      -8.318270313,      -9.218270313,      -6.418270313,      -7.618270313,      -1.318270313
          0,           0,        1914,     -11.019582617,      -8.319582617,      -9.219582617,      -6.419582617,      -7.619582617,      -1.319582617
          0,           0,        1915,     -11.020893463,      -8.320893463,      -9.220893463,      -6.420893463,      -7.620893463,      -1.320893463
          0,           0,        1916,     -11.022202854,      -8.322202854,      -9.222202854,      -6.422202854,      -7.622202854,      -1.322202854
          0,           0,        1917,     -11.023510791,      -8.323510791,      -9.223510791,      -6.423510791,      -7.623510791,      -1.323510791
          0,           0,        1918,     -11.024817275,      -8.324817275,      -9.224817275,      -6.424817275,      -7.624817275,      -1.324817275
          0,           0,        1919,     -11.026122309,      -8.326122309,      -9.226122309,      -6.426122309,      -7.626122309,      -1.326122309
          0,           0,        1920,     -11.027425893,      -8.327425893,      -9.227425893,      -6.427425893,      -7.627425893,      -1.327425893
          0,           0,        1921,     -11.028728029,      -8.328728029,      -9.228728029,      -6.428728029,      -7.628728029,      -1.328728029
          0,           0,        1922,     -11.030028720,      -8.330028720,      -9.230028720,      -6.430028720,      -7.630028720,      -1.330028720
          0,           0,        1923,     -11.031327966,      -8.331327966,      -9.231327966,      -6.431327966,      -7.631327966,      -1.331327966
          0,           0,        1924,     -11.032625769,      -8.332625769,      -9.232625769,      -6.432625769,      -7.632625769,      -1.332625769
          0,           0,        1925,     -11.033922132,      -8.333922132,      -9.233922132,      -6.433922132,      -7.633922132,      -1.333922132
          0,           0,        1926,     -11.035217054,      -8.335217054,      -9.235217054,      -6.435217054,      -7.635217054,      -1.335217054
          0,           0,        1927,     -11.036510539,      -8.336510539,      -9.236510539,      -6.436510539,      -7.636510539,      -1.336510539
          0,           0,        1928,     -11.037802587,      -8.337802587,      -9.237802587,      -6.437802587,      -7.637802587,      -1.337802587
          0,           0,        1929,     -11.039093200,      -8.339093200,      -9.239093200,      -6.439093200,      -7.639093200,      -1.339093200
          0,           0,        1930,     -11.040382380,      -8.340382380,      -9.240382380,      -6.440382380,      -7.640382380,      -1.340382380
          0,           0,        1931,     -11.041670129,      -8.341670129,      -9.241670129,      -6.441670129,      -7.641670129,      -1.341670129
          0,           0,        1932,     -11.042956447,      -8.342956447,      -9.242956447,      -6.442956447,      -7.642956447,      -1.342956447
          0,           0,        1933,     -11.044241337,      -8.344241337,      -9.244241337,      -6.444241337,      -7.644241337,      -1.344241337
          0,           0,        1934,     -11.045524800,      -8.345524800,      -9.245524800,      -6.445524800,      -7.645524800,      -1.345524800
          0,           0,        1935,     -11.046806838,      -8.346806838,      -9.246806838,      -6.446806838,      -7.646806838,      -1.346806838
          0,           0,        1936,     -11.048087452,      -8.348087452,      -9.248087452,      -6.448087452,      -7.648087452,      -1.348087452
          0,           0,        1937,     -11.049366644,      -8.349366644,      -9.249366644,      -6.449366644,      -7.649366644,      -1.349366644
          0,           0,        1938,     -11.050644416,      -8.350644416,      -9.250644416,      -6.450644416,      -7.650644416,      -1.350644416
          0,           0,        1939,     -11.051920768,      -8.351920768,      -9.251920768,      -6.451920768,      -7.651920768,      -1.351920768
          0,           0,        1940,     -11.053195703,      -8.353195703,      -9.253195703,      -6.453195703,      -7.653195703,      -1.353195703
          0,           0,        1941,     -11.054469223,      -8.354469223,      -9.254469223,      -6.454469223,      -7.654469223,      -1.354469223
          0,           0,        1942,     -11.055741328,      -8.355741328,      -9.255741328,      -6.455741328,      -7.655741328,      -1.355741328
          0,           0,        1943,     -11.057012020,      -8.357012020,      -9.257012020,      -6.457012020,      -7.657012020,      -1.357012020
          0,           0,        1944,     -11.058281302,      -8.358281302,      -9.258281302,      -6.458281302,      -7.658281302,      -1.358281302
          0,           0,        1945,     -11.059549174,      -8.359549174,      -9.259549174,      -6.459549174,      -7.659549174,      -1.359549174
          0,           0,        1946,     -11.060815637,      -8.360815637,      -9.260815637,      -6.460815637,      -7.660815637,      -1.360815637
          0,           0,        1947,     -11.062080695,      -8.362080695,      -9.262080695,      -6.462080695,      -7.662080695,      -1.362080695
          0,           0,        1948,     -11.063344348,      -8.363344348,      -9.263344348,      -6.463344348,      -7.663344348,      -1.363344348
          0,           0,        1949,     -11.064606597,      -8.364606597,      -9.264606597,      -6.464606597,      -7.664606597,      -1.364606597
          0,           0,        1950,     -11.065867444,      -8.365867444,      -9.265867444,      -6.465867444,      -7.665867444,      -1.365867444
          0,           0,        1951,     -11.067126892,      -8.367126892,      -9.267126892,      -6.467126892,      -7.667126892,      -1.367126892
          0,           0,        1952,     -11.068384941,      -8.368384941,      -9.268384941,      -6.468384941,      -7.668384941,      -1.368384941
          0,           0,        1953,     -11.069641593,      -8.369641593,      -9.269641593,      -6.469641593,      -7.669641593,      -1.369641593
          0,           0,        1954,     -11.070896849,      -8.370896849,      -9.270896849,      -6.470896849,      -7.670896849,      -1.370896849
          0,           0,        1955,     -11.072150711,      -8.372150711,      -9.272150711,      -6.472150711,      -7.672150711,      -1.372150711
          0,           0,        1956,     -11.073403181,      -8.373403181,      -9.273403181,      -6.473403181,      -7.673403181,      -1.373403181
          0,           0,        1957,     -11.074654260,      -8.374654260,      -9.274654260,      -6.474654260,      -7.674654260,      -1.374654260
          0,           0,        1958,     -11.075903950,      -8.375903950,      -9.275903950,      -6.475903950,      -7.675903950,      -1.375903950
          0,           0,        1959,     -11.077152252,      -8.377152252,      -9.277152252,      -6.477152252,      -7.677152252,      -1.377152252
          0,           0,        1960,     -11.078399168,      -8.378399168,      -9.278399168,      -6.478399168,      -7.678399168,      -1.378399168
          0,           0,        1961,     -11.079644699,      -8.379644699,      -9.279644699,      -6.479644699,      -7.679644699,      -1.379644699
          0,           0,        1962,     -11.080888847,      -8.380888847,      -9.280888847,      -6.480888847,      -7.680888847,      -1.380888847
          0,           0,        1963,     -11.082131613,      -8.382131613,      -9.282131613,      -6.482131613,      -7.682131613,      -1.382131613
          0,           0,        1964,     -11.083372999,      -8.383372999,      -9.283372999,      -6.483372999,      -7.683372999,      -1.383372999
          0,           0,        1965,     -11.084613007,      -8.384613007,      -9.284613007,      -6.484613007,      -7.684613007,      -1.384613007
          0,           0,        1966,     -11.085851637,      -8.385851637,      -9.285851637,      -6.485851637,      -7.685851637,      -1.385851637
          0,           0,        1967,     -11.087088893,      -8.387088893,      -9.287088893,      -6.487088893,      -7.687088893,      -1.387088893
          0,           0,        1968,     -11.088324774,      -8.388324774,      -9.288324774,      -6.488324774,      -7.688324774,      -1.388324774
          0,           0,        1969,     -11.089559282,      -8.389559282,      -9.289559282,      -6.489559282,      -7.689559282,      -1.389559282
          0,           0,        1970,     -11.090792420,      -8.390792420,      -9.290792420,      -6.490792420,      -7.690792420,      -1.390792420
          0,           0,        1971,     -11.092024189,      -8.392024189,      -9.292024189,      -6.492024189,      -7.692024189,      -1.392024189
          0,           0,        1972,     -11.093254589,      -8.393254589,      -9.293254589,      -6.493254589,      -7.693254589,      -1.393254589
          0,           0,        1973,     -11.094483623,      -8.394483623,      -9.294483623,      -6.494483623,      -7.694483623,      -1.394483623
          0,           0,        1974,     -11.095711293,      -8.395711293,      -9.295711293,      -6.495711293,      -7.695711293,      -1.395711293
          0,           0,        1975,     -11.096937599,      -8.396937599,      -9.296937599,      -6.496937599,      -7.696937599,      -1.396937599
          0,           0,        1976,     -11.098162543,      -8.398162543,      -9.298162543,      -6.498162543,      -7.698162543,      -1.398162543
          0,           0,        1977,     -11.099386127,      -8.399386127,      -9.299386127,      -6.499386127,      -7.699386127,      -1.399386127
          0,           0,        1978,     -11.100608352,      -8.400608352,      -9.300608352,      -6.500608352,      -7.700608352,      -1.400608352
          0,           0,        1979,     -11.101829220,      -8.401829220,      -9.301829220,      -6.501829220,      -7.701829220,      -1.401829220
          0,           0,        1980,     -11.103048732,      -8.403048732,      -9.303048732,      -6.503048732,      -7.703048732,      -1.403048732
          0,           0,        1981,     -11.104266890,      -8.404266890,      -9.304266890,      -6.504266890,      -7.704266890,      -1.404266890
          0,           0,        1982,     -11.105483695,      -8.405483695,      -9.305483695,      -6.505483695,      -7.705483695,      -1.405483695
          0,           0,        1983,     -11.106699149,      -8.406699149,      -9.306699149,      -6.506699149,      -7.706699149,      -1.406699149
          0,           0,        1984,     -11.107913253,      -8.407913253,      -9.307913253,      -6.507913253,      -7.707913253,      -1.407913253
          0,           0,        1985,     -11.109126009,      -8.409126009,      -9.309126009,      -6.509126009,      -7.709126009,      -1.409126009
          0,           0,        1986,     -11.110337418,      -8.410337418,      -9.310337418,      -6.510337418,      -7.710337418,      -1.410337418
          0,           0,        1987,     -11.111547482,      -8.411547482,      -9.311547482,      -6.511547482,      -7.711547482,      -1.411547482
          0,           0,        1988,     -11.112756202,      -8.412756202,      -9.312756202,      -6.512756202,      -7.712756202,      -1.412756202
          0,           0,        1989,     -11.113963580,      -8.413963580,      -9.313963580,      -6.513963580,      -7.713963580,      -1.413963580
          0,           0,        1990,     -11.115169617,      -8.415169617,      -9.315169617,      -6.515169617,      -7.715169617,      -1.415169617
          0,           0,        1991,     -11.116374314,      -8.416374314,      -9.316374314,      -6.516374314,      -7.716374314,      -1.416374314
          0,           0,        1992,     -11.117577674,      -8.417577674,      -9.317577674,      -6.517577674,      -7.717577674,      -1.417577674
          0,           0,        1993,     -11.118779698,      -8.418779698,      -9.318779698,      -6.518779698,      -7.718779698,      -1.418779698
          0,           0,        1994,     -11.119980387,      -8.419980387,      -9.319980387,      -6.519980387,      -7.719980387,      -1.419980387
          0,           0,        1995,     -11.121179742,      -8.421179742,      -9.321179742,      -6.521179742,      -7.721179742,      -1.421179742
          0,           0,        1996,     -11.122377765,      -8.422377765,      -9.322377765,      -6.522377765,      -7.722377765,      -1.422377765
          0,           0,        1997,     -11.123574458,      -8.423574458,      -9.323574458,      -6.523574458,      -7.723574458,      -1.423574458
          0,           0,        1998,     -11.124769823,      -8.424769823,      -9.324769823,      -6.524769823,      -7.724769823,      -1.424769823
          0,           0,        1999,     -11.125963859,      -8.425963859,      -9.325963859,      -6.525963859,      -7.725963859,      -1.425963859
          0,           0,        2000,     -11.127156570,      -8.427156570,      -9.327156570,      -6.527156570,      -7.727156570,      -1.427156570
          0,           0,        2001,     -11.128347956,      -8.428347956,      -9.328347956,      -6.528347956,      -7.728347956,      -1.428347956
          0,           0,        2002,     -11.129538020,      -8.429538020,      -9.329538020,      -6.529538020,      -7.729538020,      -1.429538020
          0,           0,        2003,     -11.130726761,      -8.430726761,      -9.330726761,      -6.530726761,      -7.730726761,      -1.430726761
          0,           0,        2004,     -11.131914183,      -8.431914183,      -9.331914183,      -6.531914183,      -7.731914183,      -1.431914183
          0,           0,        2005,     -11.133100286,      -8.433100286,      -9.333100286,      -6.533100286,      -7.733100286,      -1.433100286
          0,           0,        2006,     -11.134285072,      -8.434285072,      -9.334285072,      -6.534285072,      -7.734285072,      -1.434285072
          0,           0,        2007,     -11.135468542,      -8.435468542,      -9.335468542,      -6.535468542,      -7.735468542,      -1.435468542
          0,           0,        2008,     -11.136650698,      -8.436650698,      -9.336650698,      -6.536650698,      -7.736650698,      -1.436650698
          0,           0,        2009,     -11.137831541,      -8.437831541,      -9.337831541,      -6.537831541,      -7.737831541,      -1.437831541
          0,           0,        2010,     -11.139011072,      -8.439011072,      -9.339011072,      -6.539011072,      -7.739011072,      -1.439011072
          0,           0,        2011,     -11.140189294,      -8.440189294,      -9.340189294,      -6.540189294,      -7.740189294,      -1.440189294
          0,           0,        2012,     -11.141366208,      -8.441366208,      -9.341366208,      -6.541366208,      -7.741366208,      -1.441366208
          0,           0,        2013,     -11.142541814,      -8.442541814,      -9.342541814,      -6.542541814,      -7.742541814,      -1.442541814
          0,           0,        2014,     -11.143716115,      -8.443716115,      -9.343716115,      -6.543716115,      -7.743716115,      -1.443716115
          0,           0,        2015,     -11.144889112,      -8.444889112,      -9.344889112,      -6.544889112,      -7.744889112,      -1.444889112
          0,           0,        2016,     -11.146060807,      -8.446060807,      -9.346060807,      -6.546060807,      -7.746060807,      -1.446060807
          0,           0,        2017,     -11.147231200,      -8.447231200,      -9.347231200,      -6.547231200,      -7.747231200,      -1.447231200
          0,           0,        2018,     -11.148400293,      -8.448400293,      -9.348400293,      -6.548400293,      -7.748400293,      -1.448400293
          0,           0,        2019,     -11.149568089,      -8.449568089,      -9.349568089,      -6.549568089,      -7.749568089,      -1.449568089
          0,           0,        2020,     -11.150734587,      -8.450734587,      -9.350734587,      -6.550734587,      -7.750734587,      -1.450734587
          0,           0,        2021,     -11.151899790,      -8.451899790,      -9.351899790,      -6.551899790,      -7.751899790,      -1.451899790
          0,           0,        2022,     -11.153063699,      -8.453063699,      -9.353063699,      -6.553063699,      -7.753063699,      -1.453063699
          0,           0,        2023,     -11.154226316,      -8.454226316,      -9.354226316,      -6.554226316,      -7.754226316,      -1.454226316
          0,           0,        2024,     -11.155387641,      -8.455387641,      -9.355387641,      -6.555387641,      -7.755387641,      -1.455387641
          0,           0,        2025,     -11.156547677,      -8.456547677,      -9.356547677,      -6.556547677,      -7.756547677,      -1.456547677
          0,           0,        2026,     -11.157706424,      -8.457706424,      -9.357706424,      -6.557706424,      -7.757706424,      -1.457706424
          0,           0,        2027,     -11.158863885,      -8.458863885,      -9.358863885,      -6.558863885,      -7.758863885,      -1.458863885
          0,           0,        2028,     -11.160020061,      -8.460020061,      -9.360020061,      -6.560020061,      -7.760020061,      -1.460020061
          0,           0,        2029,     -11.161174952,      -8.461174952,      -9.361174952,      -6.561174952,      -7.761174952,      -1.461174952
          0,           0,        2030,     -11.162328561,      -8.462328561,      -9.362328561,      -6.562328561,      -7.762328561,      -1.462328561
          0,           0,        2031,     -11.163480889,      -8.463480889,      -9.363480889,      -6.563480889,      -7.763480889,      -1.463480889
          0,           0,        2032,     -11.164631938,      -8.464631938,      -9.364631938,      -6.564631938,      -7.764631938,      -1.464631938
          0,           0,        2033,     -11.165781708,      -8.465781708,      -9.365781708,      -6.565781708,      -7.765781708,      -1.465781708
          0,           0,        2034,     -11.166930201,      -8.466930201,      -9.366930201,      -6.566930201,      -7.766930201,      -1.466930201
          0,           0,        2035,     -11.168077419,      -8.468077419,      -9.368077419,      -6.568077419,      -7.768077419,      -1.468077419
          0,           0,        2036,     -11.169223363,      -8.469223363,      -9.369223363,      -6.569223363,      -7.769223363,      -1.469223363
          0,           0,        2037,     -11.170368034,      -8.470368034,      -9.370368034,      -6.570368034,      -7.770368034,      -1.470368034
          0,           0,        2038,     -11.171511434,      -8.471511434,      -9.371511434,      -6.571511434,      -7.771511434,      -1.471511434
          0,           0,        2039,     -11.172653565,      -8.472653565,      -9.372653565,      -6.572653565,      -7.772653565,      -1.472653565
          0,           0,        2040,     -11.173794427,      -8.473794427,      -9.373794427,      -6.573794427,      -7.773794427,      -1.473794427
          0,           0,        2041,     -11.174934022,      -8.474934022,      -9.374934022,      -6.574934022,      -7.774934022,      -1.474934022
          0,           0,        2042,     -11.176072352,      -8.476072352,      -9.376072352,      -6.576072352,      -7.776072352,      -1.476072352
          0,           0,        2043,     -11.177209417,      -8.477209417,      -9.377209417,      -6.577209417,      -7.777209417,      -1.477209417
          0,           0,        2044,     -11.178345220,      -8.478345220,      -9.378345220,      -6.578345220,      -7.778345220,      -1.478345220
          0,           0,        2045,     -11.179479762,      -8.479479762,      -9.379479762,      -6.579479762,      -7.779479762,      -1.479479762
          0,           0,        2046,     -11.180613043,      -8.480613043,      -9.380613043,      -6.580613043,      -7.780613043,      -1.480613043
          0,           0,        2047,     -11.181745066,      -8.481745066,      -9.381745066,      -6.581745066,      -7.781745066,      -1.481745066
          0,           0,        2048,     -11.182875832,      -8.482875832,      -9.382875832,      -6.582875832,      -7.782875832,      -1.482875832
          0,           0,        2049,     -11.184005343,      -8.484005343,      -9.384005343,      -6.584005343,      -7.784005343,      -1.484005343
          0,           0,        2050,     -11.185133599,      -8.485133599,      -9.385133599,      -6.585133599,      -7.785133599,      -1.485133599
          0,           0,        2051,     -11.186260602,      -8.486260602,      -9.386260602,      -6.586260602,      -7.786260602,      -1.486260602
          0,           0,        2052,     -11.187386354,      -8.487386354,      -9.387386354,      -6.587386354,      -7.787386354,      -1.487386354
          0,           0,        2053,     -11.188510855,      -8.488510855,      -9.388510855,      -6.588510855,      -7.788510855,      -1.488510855
          0,           0,        2054,     -11.189634108,      -8.489634108,      -9.389634108,      -6.589634108,      -7.789634108,      -1.489634108
          0,           0,        2055,     -11.190756113,      -8.490756113,      -9.390756113,      -6.590756113,      -7.790756113,      -1.490756113
          0,           0,        2056,     -11.191876872,      -8.491876872,      -9.391876872,      -6.591876872,      -7.791876872,      -1.491876872
          0,           0,        2057,     -11.192996387,      -8.492996387,      -9.392996387,      -6.592996387,      -7.792996387,      -1.492996387
          0,           0,        2058,     -11.194114659,      -8.494114659,      -9.394114659,      -6.594114659,      -7.794114659,      -1.494114659
          0,           0,        2059,     -11.195231688,      -8.495231688,      -9.395231688,      -6.595231688,      -7.795231688,      -1.495231688
          0,           0,        2060,     -11.196347477,      -8.496347477,      -9.396347477,      -6.596347477,      -7.796347477,      -1.496347477
          0,           0,        2061,     -11.197462028,      -8.497462028,      -9.397462028,      -6.597462028,      -7.797462028,      -1.497462028
          0,           0,        2062,     -11.198575340,      -8.498575340,      -9.398575340,      -6.598575340,      -7.798575340,      -1.498575340
          0,           0,        2063,     -11.199687416,      -8.499687416,      -9.399687416,      -6.599687416,      -7.799687416,      -1.499687416
          0,           0,        2064,     -11.200798257,      -8.500798257,      -9.400798257,      -6.600798257,      -7.800798257,      -1.500798257
          0,           0,        2065,     -11.201907865,      -8.501907865,      -9.401907865,      -6.601907865,      -7.801907865,      -1.501907865
          0,           0,        2066,     -11.203016240,      -8.503016240,      -9.403016240,      -6.603016240,      -7.803016240,      -1.503016240
          0,           0,        2067,     -11.204123385,      -8.504123385,      -9.404123385,      -6.604123385,      -7.804123385,      -1.504123385
          0,           0,        2068,     -11.205229300,      -8.505229300,      -9.405229300,      -6.605229300,      -7.805229300,      -1.505229300
          0,           0,        2069,     -11.206333987,      -8.506333987,      -9.406333987,      -6.606333987,      -7.806333987,      -1.506333987
          0,           0,        2070,     -11.207437447,      -8.507437447,      -9.407437447,      -6.607437447,      -7.807437447,      -1.507437447
          0,           0,        2071,     -11.208539682,      -8.508539682,      -9.408539682,      -6.608539682,      -7.808539682,      -1.508539682
          0,           0,        2072,     -11.209640693,      -8.509640693,      -9.409640693,      -6.609640693,      -7.809640693,      -1.509640693
          0,           0,        2073,     -11.210740481,      -8.510740481,      -9.410740481,      -6.610740481,      -7.810740481,      -1.510740481
          0,           0,        2074,     -11.211839048,      -8.511839048,      -9.411839048,      -6.611839048,      -7.811839048,      -1.511839048
          0,           0,        2075,     -11.212936395,      -8.512936395,      -9.412936395,      -6.612936395,      -7.812936395,      -1.512936395
          0,           0,        2076,     -11.214032523,      -8.514032523,      -9.414032523,      -6.614032523,      -7.814032523,      -1.514032523
          0,           0,        2077,     -11.215127434,      -8.515127434,      -9.415127434,      -6.615127434,      -7.815127434,      -1.515127434
          0,           0,        2078,     -11.216221129,      -8.516221129,      -9.416221129,      -6.616221129,      -7.816221129,      -1.516221129
          0,           0,        2079,     -11.217313610,      -8.517313610,      -9.417313610,      -6.617313610,      -7.817313610,      -1.517313610
          0,           0,        2080,     -11.218404877,      -8.518404877,      -9.418404877,      -6.618404877,      -7.818404877,      -1.518404877
          0,           0,        2081,     -11.219494933,      -8.519494933,      -9.419494933,      -6.619494933,      -7.819494933,      -1.519494933
          0,           0,        2082,     -11.220583778,      -8.520583778,      -9.420583778,      -6.620583778,      -7.820583778,      -1.520583778
          0,           0,        2083,     -11.221671413,      -8.521671413,      -9.421671413,      -6.621671413,      -7.821671413,      -1.521671413
          0,           0,        2084,     -11.222757842,      -8.522757842,      -9.422757842,      -6.622757842,      -7.822757842,      -1.522757842
          0,           0,        2085,     -11.223843063,      -8.523843063,      -9.423843063,      -6.623843063,      -7.823843063,      -1.523843063
          0,           0,        2086,     -11.224927080,      -8.524927080,      -9.424927080,      -6.624927080,      -7.824927080,      -1.524927080
          0,           0,        2087,     -11.226009892,      -8.526009892,      -9.426009892,      -6.626009892,      -7.826009892,      -1.526009892
          0,           0,        2088,     -11.227091503,      -8.527091503,      -9.427091503,      -6.627091503,      -7.827091503,      -1.527091503
          0,           0,        2089,     -11.228171912,      -8.528171912,      -9.428171912,      -6.628171912,      -7.828171912,      -1.528171912
          0,           0,        2090,     -11.229251121,      -8.529251121,      -9.429251121,      -6.629251121,      -7.829251121,      -1.529251121
          0,           0,        2091,     -11.230329132,      -8.530329132,      -9.430329132,      -6.630329132,      -7.830329132,      -1.530329132
          0,           0,        2092,     -11.231405946,      -8.531405946,      -9.431405946,      -6.631405946,      -7.831405946,      -1.531405946
          0,           0,        2093,     -11.232481563,      -8.532481563,      -9.432481563,      -6.632481563,      -7.832481563,      -1.532481563
          0,           0,        2094,     -11.233555987,      -8.533555987,      -9.433555987,      -6.633555987,      -7.833555987,      -1.533555987
          0,           0,        2095,     -11.234629217,      -8.534629217,      -9.434629217,      -6.634629217,      -7.834629217,      -1.534629217
          0,           0,        2096,     -11.235701256,      -8.535701256,      -9.435701256,      -6.635701256,      -7.835701256,      -1.535701256
          0,           0,        2097,     -11.236772104,      -8.536772104,      -9.436772104,      -6.636772104,      -7.836772104,      -1.536772104
          0,           0,        2098,     -11.237841763,      -8.537841763,      -9.437841763,      -6.637841763,      -7.837841763,      -1.537841763
          0,           0,        2099,     -11.238910234,      -8.538910234,      -9.438910234,      -6.638910234,      -7.838910234,      -1.538910234
          0,           0,        2100,     -11.239977518,      -8.539977518,      -9.439977518,      -6.639977518,      -7.839977518,      -1.539977518
          0,           0,        2101,     -11.241043617,      -8.541043617,      -9.441043617,      -6.641043617,      -7.841043617,      -1.541043617
          0,           0,        2102,     -11.242108533,      -8.542108533,      -9.442108533,      -6.642108533,      -7.842108533,      -1.542108533
          0,           0,        2103,     -11.243172266,      -8.543172266,      -9.443172266,      -6.643172266,      -7.843172266,      -1.543172266
          0,           0,        2104,     -11.244234817,      -8.544234817,      -9.444234817,      -6.644234817,      -7.844234817,      -1.544234817
          0,           0,        2105,     -11.245296189,      -8.545296189,      -9.445296189,      -6.645296189,      -7.845296189,      -1.545296189
          0,           0,        2106,     -11.246356382,      -8.546356382,      -9.446356382,      -6.646356382,      -7.846356382,      -1.546356382
          0,           0,        2107,     -11.247415397,      -8.547415397,      -9.447415397,      -6.647415397,      -7.847415397,      -1.547415397
          0,           0,        2108,     -11.248473237,      -8.548473237,      -9.448473237,      -6.648473237,      -7.848473237,      -1.548473237
          0,           0,        2109,     -11.249529901,      -8.549529901,      -9.449529901,      -6.649529901,      -7.849529901,      -1.549529901
          0,           0,        2110,     -11.250585393,      -8.550585393,      -9.450585393,      -6.650585393,      -7.850585393,      -1.550585393
          0,           0,        2111,     -11.251639712,      -8.551639712,      -9.451639712,      -6.651639712,      -7.851639712,      -1.551639712
          0,           0,        2112,     -11.252692861,      -8.552692861,      -9.452692861,      -6.652692861,      -7.852692861,      -1.552692861
          0,           0,        2113,     -11.253744840,      -8.553744840,      -9.453744840,      -6.653744840,      -7.853744840,      -1.553744840
          0,           0,        2114,     -11.254795650,      -8.554795650,      -9.454795650,      -6.654795650,      -7.854795650,      -1.554795650
          0,           0,        2115,     -11.255845294,      -8.555845294,      -9.455845294,      -6.655845294,      -7.855845294,      -1.555845294
          0,           0,        2116,     -11.256893772,      -8.556893772,      -9.456893772,      -6.656893772,      -7.856893772,      -1.556893772
          0,           0,        2117,     -11.257941086,      -8.557941086,      -9.457941086,      -6.657941086,      -7.857941086,      -1.557941086
          0,           0,        2118,     -11.258987237,      -8.558987237,      -9.458987237,      -6.658987237,      -7.858987237,      -1.558987237
          0,           0,        2119,     -11.260032226,      -8.560032226,      -9.460032226,      -6.660032226,      -7.860032226,      -1.560032226
          0,           0,        2120,     -11.261076055,      -8.561076055,      -9.461076055,      -6.661076055,      -7.861076055,      -1.561076055
          0,           0,        2121,     -11.262118724,      -8.562118724,      -9.462118724,      -6.662118724,      -7.862118724,      -1.562118724
          0,           0,        2122,     -11.263160236,      -8.563160236,      -9.463160236,      -6.663160236,      -7.863160236,      -1.563160236
          0,           0,        2123,     -11.264200591,      -8.564200591,      -9.464200591,      -6.664200591,      -7.864200591,      -1.564200591
          0,           0,        2124,     -11.265239790,      -8.565239790,      -9.465239790,      -6.665239790,      -7.865239790,      -1.565239790
          0,           0,        2125,     -11.266277836,      -8.566277836,      -9.466277836,      -6.666277836,      -7.866277836,      -1.566277836
          0,           0,        2126,     -11.267314729,      -8.567314729,      -9.467314729,      -6.667314729,      -7.867314729,      -1.567314729
          0,           0,        2127,     -11.268350470,      -8.568350470,      -9.468350470,      -6.668350470,      -7.868350470,      -1.568350470
          0,           0,        2128,     -11.269385062,      -8.569385062,      -9.469385062,      -6.669385062,      -7.869385062,      -1.569385062
          0,           0,        2129,     -11.270418504,      -8.570418504,      -9.470418504,      -6.670418504,      -7.870418504,      -1.570418504
          0,           0,        2130,     -11.271450799,      -8.571450799,      -9.471450799,      -6.671450799,      -7.871450799,      -1.571450799
          0,           0,        2131,     -11.272481947,      -8.572481947,      -9.472481947,      -6.672481947,      -7.872481947,      -1.572481947
          0,           0,        2132,     -11.273511950,      -8.573511950,      -9.473511950,      -6.673511950,      -7.873511950,      -1.573511950
          0,           0,        2133,     -11.274540810,      -8.574540810,      -9.474540810,      -6.674540810,      -7.874540810,      -1.574540810
          0,           0,        2134,     -11.275568527,      -8.575568527,      -9.475568527,      -6.675568527,      -7.875568527,      -1.575568527
          0,           0,        2135,     -11.276595102,      -8.576595102,      -9.476595102,      -6.676595102,      -7.876595102,      -1.576595102
          0,           0,        2136,     -11.277620538,      -8.577620538,      -9.477620538,      -6.677620538,      -7.877620538,      -1.577620538
          0,           0,        2137,     -11.278644835,      -8.578644835,      -9.478644835,      -6.678644835,      -7.878644835,      -1.578644835
          0,           0,        2138,     -11.279667994,      -8.579667994,      -9.479667994,      -6.679667994,      -7.879667994,      -1.579667994
          0,           0,        2139,     -11.280690018,      -8.580690018,      -9.480690018,      -6.680690018,      -7.880690018,      -1.580690018
          0,           0,        2140,     -11.281710906,      -8.581710906,      -9.481710906,      -6.681710906,      -7.881710906,      -1.581710906
          0,           0,        2141,     -11.282730660,      -8.582730660,      -9.482730660,      -6.682730660,      -7.882730660,      -1.582730660
          0,           0,        2142,     -11.283749283,      -8.583749283,      -9.483749283,      -6.683749283,      -7.883749283,      -1.583749283
          0,           0,        2143,     -11.284766774,      -8.584766774,      -9.484766774,      -6.684766774,      -7.884766774,      -1.584766774
          0,           0,        2144,     -11.285783135,      -8.585783135,      -9.485783135,      -6.685783135,      -7.885783135,      -1.585783135
          0,           0,        2145,     -11.286798367,      -8.586798367,      -9.486798367,      -6.686798367,      -7.886798367,      -1.586798367
          0,           0,        2146,     -11.287812472,      -8.587812472,      -9.487812472,      -6.687812472,      -7.887812472,      -1.587812472
          0,           0,        2147,     -11.288825451,      -8.588825451,      -9.488825451,      -6.688825451,      -7.888825451,      -1.588825451
          0,           0,        2148,     -11.289837305,      -8.589837305,      -9.489837305,      -6.689837305,      -7.889837305,      -1.589837305
          0,           0,        2149,     -11.290848035,      -8.590848035,      -9.490848035,      -6.690848035,      -7.890848035,      -1.590848035
          0,           0,        2150,     -11.291857643,      -8.591857643,      -9.491857643,      -6.691857643,      -7.891857643,      -1.591857643
          0,           0,        2151,     -11.292866130,      -8.592866130,      -9.492866130,      -6.692866130,      -7.892866130,      -1.592866130
          0,           0,        2152,     -11.293873496,      -8.593873496,      -9.493873496,      -6.693873496,      -7.893873496,      -1.593873496
          0,           0,        2153,     -11.294879744,      -8.594879744,      -9.494879744,      -6.694879744,      -7.894879744,      -1.594879744
          0,           0,        2154,     -11.295884875,      -8.595884875,      -9.495884875,      -6.695884875,      -7.895884875,      -1.595884875
          0,           0,        2155,     -11.296888890,      -8.596888890,      -9.496888890,      -6.696888890,      -7.896888890,      -1.596888890
          0,           0,        2156,     -11.297891789,      -8.597891789,      -9.497891789,      -6.697891789,      -7.897891789,      -1.597891789
          0,           0,        2157,     -11.298893575,      -8.598893575,      -9.498893575,      -6.698893575,      -7.898893575,      -1.598893575
          0,           0,        2158,     -11.299894248,      -8.599894248,      -9.499894248,      -6.699894248,      -7.899894248,      -1.599894248
          0,           0,        2159,     -11.300893810,      -8.600893810,      -9.500893810,      -6.700893810,      -7.900893810,      -1.600893810
          0,           0,        2160,     -11.301892262,      -8.601892262,      -9.501892262,      -6.701892262,      -7.901892262,      -1.601892262
          0,           0,        2161,     -11.302889606,      -8.602889606,      -9.502889606,      -6.702889606,      -7.902889606,      -1.602889606
          0,           0,        2162,     -11.303885841,      -8.603885841,      -9.503885841,      -6.703885841,      -7.903885841,      -1.603885841
          0,           0,        2163,     -11.304880971,      -8.604880971,      -9.504880971,      -6.704880971,      -7.904880971,      -1.604880971
          0,           0,        2164,     -11.305874995,      -8.605874995,      -9.505874995,      -6.705874995,      -7.905874995,      -1.605874995
          0,           0,        2165,     -11.306867916,      -8.606867916,      -9.506867916,      -6.706867916,      -7.906867916,      -1.606867916
          0,           0,        2166,     -11.307859734,      -8.607859734,      -9.507859734,      -6.707859734,      -7.907859734,      -1.607859734
          0,           0,        2167,     -11.308850450,      -8.608850450,      -9.508850450,      -6.708850450,      -7.908850450,      -1.608850450
          0,           0,        2168,     -11.309840066,      -8.609840066,      -9.509840066,      -6.709840066,      -7.909840066,      -1.609840066
          0,           0,        2169,     -11.310828584,      -8.610828584,      -9.510828584,      -6.710828584,      -7.910828584,      -1.610828584
          0,           0,        2170,     -11.311816003,      -8.611816003,      -9.511816003,      -6.711816003,      -7.911816003,      -1.611816003
          0,           0,        2171,     -11.312802326,      -8.612802326,      -9.512802326,      -6.712802326,      -7.912802326,      -1.612802326
          0,           0,        2172,     -11.313787554,      -8.613787554,      -9.513787554,      -6.713787554,      -7.913787554,      -1.613787554
          0,           0,        2173,     -11.314771688,      -8.614771688,      -9.514771688,      -6.714771688,      -7.914771688,      -1.614771688
          0,           0,        2174,     -11.315754729,      -8.615754729,      -9.515754729,      -6.715754729,      -7.915754729,      -1.615754729
          0,           0,        2175,     -11.316736678,      -8.616736678,      -9.516736678,      -6.716736678,      -7.916736678,      -1.616736678
          0,           0,        2176,     -11.317717536,      -8.617717536,      -9.517717536,      -6.717717536,      -7.917717536,      -1.617717536
          0,           0,        2177,     -11.318697306,      -8.618697306,      -9.518697306,      -6.718697306,      -7.918697306,      -1.618697306
          0,           0,        2178,     -11.319675987,      -8.619675987,      -9.519675987,      -6.719675987,      -7.919675987,      -1.619675987
          0,           0,        2179,     -11.320653582,      -8.620653582,      -9.520653582,      -6.720653582,      -7.920653582,      -1.620653582
          0,           0,        2180,     -11.321630091,      -8.621630091,      -9.521630091,      -6.721630091,      -7.921630091,      -1.621630091
          0,           0,        2181,     -11.322605515,      -8.622605515,      -9.522605515,      -6.722605515,      -7.922605515,      -1.622605515
          0,           0,        2182,     -11.323579857,      -8.623579857,      -9.523579857,      -6.723579857,      -7.923579857,      -1.623579857
          0,           0,        2183,     -11.324553116,      -8.624553116,      -9.524553116,      -6.724553116,      -7.924553116,      -1.624553116
          0,           0,        2184,     -11.325525295,      -8.625525295,      -9.525525295,      -6.725525295,      -7.925525295,      -1.625525295
          0,           0,        2185,     -11.326496394,      -8.626496394,      -9.526496394,      -6.726496394,      -7.926496394,      -1.626496394
          0,           0,        2186,     -11.327466414,      -8.627466414,      -9.527466414,      -6.727466414,      -7.927466414,      -1.627466414
          0,           0,        2187,     -11.328435357,      -8.628435357,      -9.528435357,      -6.728435357,      -7.928435357,      -1.628435357
          0,           0,        2188,     -11.329403225,      -8.629403225,      -9.529403225,      -6.729403225,      -7.929403225,      -1.629403225
          0,           0,        2189,     -11.330370017,      -8.630370017,      -9.530370017,      -6.730370017,      -7.930370017,      -1.630370017
          0,           0,        2190,     -11.331335736,      -8.631335736,      -9.531335736,      -6.731335736,      -7.931335736,      -1.631335736
          0,           0,        2191,     -11.332300383,      -8.632300383,      -9.532300383,      -6.732300383,      -7.932300383,      -1.632300383
          0,           0,        2192,     -11.333263958,      -8.633263958,      -9.533263958,      -6.733263958,      -7.933263958,      -1.633263958
          0,           0,        2193,     -11.334226463,      -8.634226463,      -9.534226463,      -6.734226463,      -7.934226463,      -1.634226463
          0,           0,        2194,     -11.335187900,      -8.635187900,      -9.535187900,      -6.735187900,      -7.935187900,      -1.635187900
          0,           0,        2195,     -11.336148268,      -8.636148268,      -9.536148268,      -6.736148268,      -7.936148268,      -1.636148268
          0,           0,        2196,     -11.337107571,      -8.637107571,      -9.537107571,      -6.737107571,      -7.937107571,      -1.637107571
          0,           0,        2197,     -11.338065807,      -8.638065807,      -9.538065807,      -6.738065807,      -7.938065807,      -1.638065807
          0,           0,        2198,     -11.339022980,      -8.639022980,      -9.539022980,      -6.739022980,      -7.939022980,      -1.639022980
          0,           0,        2199,     -11.339979090,      -8.639979090,      -9.539979090,      -6.739979090,      -7.939979090,      -1.639979090
          0,           0,        2200,     -11.340934138,      -8.640934138,      -9.540934138,      -6.740934138,      -7.940934138,      -1.640934138
          0,           0,        2201,     -11.341888126,      -8.641888126,      -9.541888126,      -6.741888126,      -7.941888126,      -1.641888126
          0,           0,        2202,     -11.342841054,      -8.642841054,      -9.542841054,      -6.742841054,      -7.942841054,      -1.642841054
          0,           0,        2203,     -11.343792924,      -8.643792924,      -9.543792924,      -6.743792924,      -7.943792924,      -1.643792924
          0,           0,        2204,     -11.344743737,      -8.644743737,      -9.544743737,      -6.744743737,      -7.944743737,      -1.644743737
          0,           0,        2205,     -11.345693494,      -8.645693494,      -9.545693494,      -6.745693494,      -7.945693494,      -1.645693494
          0,           0,        2206,     -11.346642196,      -8.646642196,      -9.546642196,      -6.746642196,      -7.946642196,      -1.646642196
          0,           0,        2207,     -11.347589845,      -8.647589845,      -9.547589845,      -6.747589845,      -7.947589845,      -1.647589845
          0,           0,        2208,     -11.348536441,      -8.648536441,      -9.548536441,      -6.748536441,      -7.948536441,      -1.648536441
          0,           0,        2209,     -11.349481986,      -8.649481986,      -9.549481986,      -6.749481986,      -7.949481986,      -1.649481986
          0,           0,        2210,     -11.350426482,      -8.650426482,      -9.550426482,      -6.750426482,      -7.950426482,      -1.650426482
          0,           0,        2211,     -11.351369928,      -8.651369928,      -9.551369928,      -6.751369928,      -7.951369928,      -1.651369928
          0,           0,        2212,     -11.352312327,      -8.652312327,      -9.552312327,      -6.752312327,      -7.952312327,      -1.652312327
          0,           0,        2213,     -11.353253679,      -8.653253679,      -9.553253679,      -6.753253679,      -7.953253679,      -1.653253679
          0,           0,        2214,     -11.354193985,      -8.654193985,      -9.554193985,      -6.754193985,      -7.954193985,      -1.654193985
          0,           0,        2215,     -11.355133248,      -8.655133248,      -9.555133248,      -6.755133248,      -7.955133248,      -1.655133248
          0,           0,        2216,     -11.356071467,      -8.656071467,      -9.556071467,      -6.756071467,      -7.956071467,      -1.656071467
          0,           0,        2217,     -11.357008645,      -8.657008645,      -9.557008645,      -6.757008645,      -7.957008645,      -1.657008645
          0,           0,        2218,     -11.357944782,      -8.657944782,      -9.557944782,      -6.757944782,      -7.957944782,      -1.657944782
          0,           0,        2219,     -11.358879879,      -8.658879879,      -9.558879879,      -6.758879879,      -7.958879879,      -1.658879879
          0,           0,        2220,     -11.359813938,      -8.659813938,      -9.559813938,      -6.759813938,      -7.959813938,      -1.659813938
          0,           0,        2221,     -11.360746960,      -8.660746960,      -9.560746960,      -6.760746960,      -7.960746960,      -1.660746960
          0,           0,        2222,     -11.361678945,      -8.661678945,      -9.561678945,      -6.761678945,      -7.961678945,      -1.661678945
          0,           0,        2223,     -11.362609896,      -8.662609896,      -9.562609896,      -6.762609896,      -7.962609896,      -1.662609896
          0,           0,        2224,     -11.363539813,      -8.663539813,      -9.563539813,      -6.763539813,      -7.963539813,      -1.663539813
          0,           0,        2225,     -11.364468697,      -8.664468697,      -9.564468697,      -6.764468697,      -7.964468697,      -1.664468697
          0,           0,        2226,     -11.365396549,      -8.665396549,      -9.565396549,      -6.765396549,      -7.965396549,      -1.665396549
          0,           0,        2227,     -11.366323371,      -8.666323371,      -9.566323371,      -6.766323371,      -7.966323371,      -1.666323371
          0,           0,        2228,     -11.367249164,      -8.667249164,      -9.567249164,      -6.767249164,      -7.967249164,      -1.667249164
          0,           0,        2229,     -11.368173929,      -8.668173929,      -9.568173929,      -6.768173929,      -7.968173929,      -1.668173929
          0,           0,        2230,     -11.369097667,      -8.669097667,      -9.569097667,      -6.769097667,      -7.969097667,      -1.669097667
          0,           0,        2231,     -11.370020379,      -8.670020379,      -9.570020379,      -6.770020379,      -7.970020379,      -1.670020379
          0,           0,        2232,     -11.370942067,      -8.670942067,      -9.570942067,      -6.770942067,      -7.970942067,      -1.670942067
          0,           0,        2233,     -11.371862731,      -8.671862731,      -9.571862731,      -6.771862731,      -7.971862731,      -1.671862731
          0,           0,        2234,     -11.372782372,      -8.672782372,      -9.572782372,      -6.772782372,      -7.972782372,      -1.672782372
          0,           0,        2235,     -11.373700992,      -8.673700992,      -9.573700992,      -6.773700992,      -7.973700992,      -1.673700992
          0,           0,        2236,     -11.374618592,      -8.674618592,      -9.574618592,      -6.774618592,      -7.974618592,      -1.674618592
          0,           0,        2237,     -11.375535174,      -8.675535174,      -9.575535174,      -6.775535174,      -7.975535174,      -1.675535174
          0,           0,        2238,     -11.376450737,      -8.676450737,      -9.576450737,      -6.776450737,      -7.976450737,      -1.676450737
          0,           0,        2239,     -11.377365283,      -8.677365283,      -9.577365283,      -6.777365283,      -7.977365283,      -1.677365283
          0,           0,        2240,     -11.378278814,      -8.678278814,      -9.578278814,      -6.778278814,      -7.978278814,      -1.678278814
          0,           0,        2241,     -11.379191331,      -8.679191331,      -9.579191331,      -6.779191331,      -7.979191331,      -1.679191331
          0,           0,        2242,     -11.380102834,      -8.680102834,      -9.580102834,      -6.780102834,      -7.980102834,      -1.680102834
          0,           0,        2243,     -11.381013325,      -8.681013325,      -9.581013325,      -6.781013325,      -7.981013325,      -1.681013325
          0,           0,        2244,     -11.381922805,      -8.681922805,      -9.581922805,      -6.781922805,      -7.981922805,      -1.681922805
          0,           0,        2245,     -11.382831275,      -8.682831275,      -9.582831275,      -6.782831275,      -7.982831275,      -1.682831275
          0,           0,        2246,     -11.383738736,      -8.683738736,      -9.583738736,      -6.783738736,      -7.983738736,      -1.683738736
          0,           0,        2247,     -11.384645189,      -8.684645189,      -9.584645189,      -6.784645189,      -7.984645189,      -1.684645189
          0,           0,        2248,     -11.385550636,      -8.685550636,      -9.585550636,      -6.785550636,      -7.985550636,      -1.685550636
          0,           0,        2249,     -11.386455077,      -8.686455077,      -9.586455077,      -6.786455077,      -7.986455077,      -1.686455077
          0,           0,        2250,     -11.387358514,      -8.687358514,      -9.587358514,      -6.787358514,      -7.987358514,      -1.687358514
          0,           0,        2251,     -11.388260947,      -8.688260947,      -9.588260947,      -6.788260947,      -7.988260947,      -1.688260947
          0,           0,        2252,     -11.389162379,      -8.689162379,      -9.589162379,      -6.789162379,      -7.989162379,      -1.689162379
          0,           0,        2253,     -11.390062809,      -8.690062809,      -9.590062809,      -6.790062809,      -7.990062809,      -1.690062809
          0,           0,        2254,     -11.390962239,      -8.690962239,      -9.590962239,      -6.790962239,      -7.990962239,      -1.690962239
          0,           0,        2255,     -11.391860671,      -8.691860671,      -9.591860671,      -6.791860671,      -7.991860671,      -1.691860671
          0,           0,        2256,     -11.392758105,      -8.692758105,      -9.592758105,      -6.792758105,      -7.992758105,      -1.692758105
          0,           0,        2257,     -11.393654542,      -8.693654542,      -9.593654542,      -6.793654542,      -7.993654542,      -1.693654542
          0,           0,        2258,     -11.394549984,      -8.694549984,      -9.594549984,      -6.794549984,      -7.994549984,      -1.694549984
          0,           0,        2259,     -11.395444432,      -8.695444432,      -9.595444432,      -6.795444432,      -7.995444432,      -1.695444432
          0,           0,        2260,     -11.396337886,      -8.696337886,      -9.596337886,      -6.796337886,      -7.996337886,      -1.696337886
          0,           0,        2261,     -11.397230348,      -8.697230348,      -9.597230348,      -6.797230348,      -7.997230348,      -1.697230348
          0,           0,        2262,     -11.398121819,      -8.698121819,      -9.598121819,      -6.798121819,      -7.998121819,      -1.698121819
          0,           0,        2263,     -11.399012300,      -8.699012300,      -9.599012300,      -6.799012300,      -7.999012300,      -1.699012300
          0,           0,        2264,     -11.399901792,      -8.699901792,      -9.599901792,      -6.799901792,      -7.999901792,      -1.699901792
          0,           0,        2265,     -11.400790296,      -8.700790296,      -9.600790296,      -6.800790296,      -8.000790296,      -1.700790296
          0,           0,        2266,     -11.401677814,      -8.701677814,      -9.601677814,      -6.801677814,      -8.001677814,      -1.701677814
          0,           0,        2267,     -11.402564346,      -8.702564346,      -9.602564346,      -6.802564346,      -8.002564346,      -1.702564346
          0,           0,        2268,     -11.403449893,      -8.703449893,      -9.603449893,      -6.803449893,      -8.003449893,      -1.703449893
          0,           0,        2269,     -11.404334457,      -8.704334457,      -9.604334457,      -6.804334457,      -8.004334457,      -1.704334457
          0,           0,        2270,     -11.405218039,      -8.705218039,      -9.605218039,      -6.805218039,      -8.005218039,      -1.705218039
          0,           0,        2271,     -11.406100640,      -8.706100640,      -9.606100640,      -6.806100640,      -8.006100640,      -1.706100640
          0,           0,        2272,     -11.406982260,      -8.706982260,      -9.606982260,      -6.806982260,      -8.006982260,      -1.706982260
          0,           0,        2273,     -11.407862902,      -8.707862902,      -9.607862902,      -6.807862902,      -8.007862902,      -1.707862902
          0,           0,        2274,     -11.408742565,      -8.708742565,      -9.608742565,      -6.808742565,      -8.008742565,      -1.708742565
          0,           0,        2275,     -11.409621252,      -8.709621252,      -9.609621252,      -6.809621252,      -8.009621252,      -1.709621252
          0,           0,        2276,     -11.410498963,      -8.710498963,      -9.610498963,      -6.810498963,      -8.010498963,      -1.710498963
          0,           0,        2277,     -11.411375699,      -8.711375699,      -9.611375699,      -6.811375699,      -8.011375699,      -1.711375699
          0,           0,        2278,     -11.412251462,      -8.712251462,      -9.612251462,      -6.812251462,      -8.012251462,      -1.712251462
          0,           0,        2279,     -11.413126252,      -8.713126252,      -9.613126252,      -6.813126252,      -8.013126252,      -1.713126252
          0,           0,        2280,     -11.414000070,      -8.714000070,      -9.614000070,      -6.814000070,      -8.014000070,      -1.714000070
          0,           0,        2281,     -11.414872919,      -8.714872919,      -9.614872919,      -6.814872919,      -8.014872919,      -1.714872919
          0,           0,        2282,     -11.415744798,      -8.715744798,      -9.615744798,      -6.815744798,      -8.015744798,      -1.715744798
          0,           0,        2283,     -11.416615708,      -8.716615708,      -9.616615708,      -6.816615708,      -8.016615708,      -1.716615708
          0,           0,        2284,     -11.417485652,      -8.717485652,      -9.617485652,      -6.817485652,      -8.017485652,      -1.717485652
          0,           0,        2285,     -11.418354630,      -8.718354630,      -9.618354630,      -6.818354630,      -8.018354630,      -1.718354630
          0,           0,        2286,     -11.419222642,      -8.719222642,      -9.619222642,      -6.819222642,      -8.019222642,      -1.719222642
          0,           0,        2287,     -11.420089691,      -8.720089691,      -9.620089691,      -6.820089691,      -8.020089691,      -1.720089691
          0,           0,        2288,     -11.420955776,      -8.720955776,      -9.620955776,      -6.820955776,      -8.020955776,      -1.720955776
          0,           0,        2289,     -11.421820900,      -8.721820900,      -9.621820900,      -6.821820900,      -8.021820900,      -1.721820900
          0,           0,        2290,     -11.422685064,      -8.722685064,      -9.622685064,      -6.822685064,      -8.022685064,      -1.722685064
          0,           0,        2291,     -11.423548267,      -8.723548267,      -9.623548267,      -6.823548267,      -8.023548267,      -1.723548267
          0,           0,        2292,     -11.424410512,      -8.724410512,      -9.624410512,      -6.824410512,      -8.024410512,      -1.724410512
          0,           0,        2293,     -11.425271800,      -8.725271800,      -9.625271800,      -6.825271800,      -8.025271800,      -1.725271800
          0,           0,        2294,     -11.426132131,      -8.726132131,      -9.626132131,      -6.826132131,      -8.026132131,      -1.726132131
          0,           0,        2295,     -11.426991507,      -8.726991507,      -9.626991507,      -6.826991507,      -8.026991507,      -1.726991507
          0,           0,        2296,     -11.427849928,      -8.727849928,      -9.627849928,      -6.827849928,      -8.027849928,      -1.727849928
          0,           0,        2297,     -11.428707396,      -8.728707396,      -9.628707396,      -6.828707396,      -8.028707396,      -1.728707396
          0,           0,        2298,     -11.429563912,      -8.729563912,      -9.629563912,      -6.829563912,      -8.029563912,      -1.729563912
          0,           0,        2299,     -11.430419477,      -8.730419477,      -9.630419477,      -6.830419477,      -8.030419477,      -1.730419477
          0,           0,        2300,     -11.431274091,      -8.731274091,      -9.631274091,      -6.831274091,      -8.031274091,      -1.731274091
          0,           0,        2301,     -11.432127757,      -8.732127757,      -9.632127757,      -6.832127757,      -8.032127757,      -1.732127757
          0,           0,        2302,     -11.432980474,      -8.732980474,      -9.632980474,      -6.832980474,      -8.032980474,      -1.732980474
          0,           0,        2303,     -11.433832245,      -8.733832245,      -9.633832245,      -6.833832245,      -8.033832245,      -1.733832245
          0,           0,        2304,     -11.434683070,      -8.734683070,      -9.634683070,      -6.834683070,      -8.034683070,      -1.734683070
          0,           0,        2305,     -11.435532950,      -8.735532950,      -9.635532950,      -6.835532950,      -8.035532950,      -1.735532950
          0,           0,        2306,     -11.436381886,      -8.736381886,      -9.636381886,      -6.836381886,      -8.036381886,      -1.736381886
          0,           0,        2307,     -11.437229879,      -8.737229879,      -9.637229879,      -6.837229879,      -8.037229879,      -1.737229879
          0,           0,        2308,     -11.438076931,      -8.738076931,      -9.638076931,      -6.838076931,      -8.038076931,      -1.738076931
          0,           0,        2309,     -11.438923042,      -8.738923042,      -9.638923042,      -6.838923042,      -8.038923042,      -1.738923042
          0,           0,        2310,     -11.439768213,      -8.739768213,      -9.639768213,      -6.839768213,      -8.039768213,      -1.739768213
          0,           0,        2311,     -11.440612446,      -8.740612446,      -9.640612446,      -6.840612446,      -8.040612446,      -1.740612446
          0,           0,        2312,     -11.441455741,      -8.741455741,      -9.641455741,      -6.841455741,      -8.041455741,      -1.741455741
          0,           0,        2313,     -11.442298100,      -8.742298100,      -9.642298100,      -6.842298100,      -8.042298100,      -1.742298100
          0,           0,        2314,     -11.443139524,      -8.743139524,      -9.643139524,      -6.843139524,      -8.043139524,      -1.743139524
          0,           0,        2315,     -11.443980013,      -8.743980013,      -9.643980013,      -6.843980013,      -8.043980013,      -1.743980013
          0,           0,        2316,     -11.444819569,      -8.744819569,      -9.644819569,      -6.844819569,      -8.044819569,      -1.744819569
          0,           0,        2317,     -11.445658192,      -8.745658192,      -9.645658192,      -6.845658192,      -8.045658192,      -1.745658192
          0,           0,        2318,     -11.446495884,      -8.746495884,      -9.646495884,      -6.846495884,      -8.046495884,      -1.746495884
          0,           0,        2319,     -11.447332646,      -8.747332646,      -9.647332646,      -6.847332646,      -8.047332646,      -1.747332646
          0,           0,        2320,     -11.448168478,      -8.748168478,      -9.648168478,      -6.848168478,      -8.048168478,      -1.748168478
          0,           0,        2321,     -11.449003383,      -8.749003383,      -9.649003383,      -6.849003383,      -8.049003383,      -1.749003383
          0,           0,        2322,     -11.449837360,      -8.749837360,      -9.649837360,      -6.849837360,      -8.049837360,      -1.749837360
          0,           0,        2323,     -11.450670411,      -8.750670411,      -9.650670411,      -6.850670411,      -8.050670411,      -1.750670411
          0,           0,        2324,     -11.451502537,      -8.751502537,      -9.651502537,      -6.851502537,      -8.051502537,      -1.751502537
          0,           0,        2325,     -11.452333739,      -8.752333739,      -9.652333739,      -6.852333739,      -8.052333739,      -1.752333739
          0,           0,        2326,     -11.453164018,      -8.753164018,      -9.653164018,      -6.853164018,      -8.053164018,      -1.753164018
          0,           0,        2327,     -11.453993375,      -8.753993375,      -9.653993375,      -6.853993375,      -8.053993375,      -1.753993375
          0,           0,        2328,     -11.454821811,      -8.754821811,      -9.654821811,      -6.854821811,      -8.054821811,      -1.754821811
          0,           0,        2329,     -11.455649327,      -8.755649327,      -9.655649327,      -6.855649327,      -8.055649327,      -1.755649327
          0,           0,        2330,     -11.456475924,      -8.756475924,      -9.656475924,      -6.856475924,      -8.056475924,      -1.756475924
          0,           0,        2331,     -11.457301603,      -8.757301603,      -9.657301603,      -6.857301603,      -8.057301603,      -1.757301603
          0,           0,        2332,     -11.458126365,      -8.758126365,      -9.658126365,      -6.858126365,      -8.058126365,      -1.758126365
          0,           0,        2333,     -11.458950212,      -8.758950212,      -9.658950212,      -6.858950212,      -8.058950212,      -1.758950212
          0,           0,        2334,     -11.459773143,      -8.759773143,      -9.659773143,      -6.859773143,      -8.059773143,      -1.759773143
          0,           0,        2335,     -11.460595160,      -8.760595160,      -9.660595160,      -6.860595160,      -8.060595160,      -1.760595160
          0,           0,        2336,     -11.461416265,      -8.761416265,      -9.661416265,      -6.861416265,      -8.061416265,      -1.761416265
          0,           0,        2337,     -11.462236458,      -8.762236458,      -9.662236458,      -6.862236458,      -8.062236458,      -1.762236458
          0,           0,        2338,     -11.463055740,      -8.763055740,      -9.663055740,      -6.863055740,      -8.063055740,      -1.763055740
          0,           0,        2339,     -11.463874112,      -8.763874112,      -9.663874112,      -6.863874112,      -8.063874112,      -1.763874112
          0,           0,        2340,     -11.464691576,      -8.764691576,      -9.664691576,      -6.864691576,      -8.064691576,      -1.764691576
          0,           0,        2341,     -11.465508131,      -8.765508131,      -9.665508131,      -6.865508131,      -8.065508131,      -1.765508131
          0,           0,        2342,     -11.466323780,      -8.766323780,      -9.666323780,      -6.866323780,      -8.066323780,      -1.766323780
          0,           0,        2343,     -11.467138523,      -8.767138523,      -9.667138523,      -6.867138523,      -8.067138523,      -1.767138523
          0,           0,        2344,     -11.467952362,      -8.767952362,      -9.667952362,      -6.867952362,      -8.067952362,      -1.767952362
          0,           0,        2345,     -11.468765296,      -8.768765296,      -9.668765296,      -6.868765296,      -8.068765296,      -1.768765296
          0,           0,        2346,     -11.469577328,      -8.769577328,      -9.669577328,      -6.869577328,      -8.069577328,      -1.769577328
          0,           0,        2347,     -11.470388458,      -8.770388458,      -9.670388458,      -6.870388458,      -8.070388458,      -1.770388458
          0,           0,        2348,     -11.471198687,      -8.771198687,      -9.671198687,      -6.871198687,      -8.071198687,      -1.771198687
          0,           0,        2349,     -11.472008017,      -8.772008017,      -9.672008017,      -6.872008017,      -8.072008017,      -1.772008017
          0,           0,        2350,     -11.472816448,      -8.772816448,      -9.672816448,      -6.872816448,      -8.072816448,      -1.772816448
          0,           0,        2351,     -11.473623981,      -8.773623981,      -9.673623981,      -6.873623981,      -8.073623981,      -1.773623981
          0,           0,        2352,     -11.474430617,      -8.774430617,      -9.674430617,      -6.874430617,      -8.074430617,      -1.774430617
          0,           0,        2353,     -11.475236357,      -8.775236357,      -9.675236357,      -6.875236357,      -8.075236357,      -1.775236357
          0,           0,        2354,     -11.476041203,      -8.776041203,      -9.676041203,      -6.876041203,      -8.076041203,      -1.776041203
          0,           0,        2355,     -11.476845155,      -8.776845155,      -9.676845155,      -6.876845155,      -8.076845155,      -1.776845155
          0,           0,        2356,     -11.477648214,      -8.777648214,      -9.677648214,      -6.877648214,      -8.077648214,      -1.777648214
          0,           0,        2357,     -11.478450381,      -8.778450381,      -9.678450381,      -6.878450381,      -8.078450381,      -1.778450381
          0,           0,        2358,     -11.479251658,      -8.779251658,      -9.679251658,      -6.879251658,      -8.079251658,      -1.779251658
          0,           0,        2359,     -11.480052045,      -8.780052045,      -9.680052045,      -6.880052045,      -8.080052045,      -1.780052045
          0,           0,        2360,     -11.480851543,      -8.780851543,      -9.680851543,      -6.880851543,      -8.080851543,      -1.780851543
          0,           0,        2361,     -11.481650153,      -8.781650153,      -9.681650153,      -6.881650153,      -8.081650153,      -1.781650153
          0,           0,        2362,     -11.482447876,      -8.782447876,      -9.682447876,      -6.882447876,      -8.082447876,      -1.782447876
          0,           0,        2363,     -11.483244713,      -8.783244713,      -9.683244713,      -6.883244713,      -8.083244713,      -1.783244713
          0,           0,        2364,     -11.484040666,      -8.784040666,      -9.684040666,      -6.884040666,      -8.084040666,      -1.784040666
          0,           0,        2365,     -11.484835734,      -8.784835734,      -9.684835734,      -6.884835734,      -8.084835734,      -1.784835734
          0,           0,        2366,     -11.485629920,      -8.785629920,      -9.685629920,      -6.885629920,      -8.085629920,      -1.785629920
          0,           0,        2367,     -11.486423224,      -8.786423224,      -9.686423224,      -6.886423224,      -8.086423224,      -1.786423224
          0,           0,        2368,     -11.487215647,      -8.787215647,      -9.687215647,      -6.887215647,      -8.087215647,      -1.787215647
          0,           0,        2369,     -11.488007189,      -8.788007189,      -9.688007189,      -6.888007189,      -8.088007189,      -1.788007189
          0,           0,        2370,     -11.488797853,      -8.788797853,      -9.688797853,      -6.888797853,      -8.088797853,      -1.788797853
          0,           0,        2371,     -11.489587639,      -8.789587639,      -9.689587639,      -6.889587639,      -8.089587639,      -1.789587639
          0,           0,        2372,     -11.490376548,      -8.790376548,      -9.690376548,      -6.890376548,      -8.090376548,      -1.790376548
          0,           0,        2373,     -11.491164580,      -8.791164580,      -9.691164580,      -6.891164580,      -8.091164580,      -1.791164580
          0,           0,        2374,     -11.491951738,      -8.791951738,      -9.691951738,      -6.891951738,      -8.091951738,      -1.791951738
          0,           0,        2375,     -11.492738021,      -8.792738021,      -9.692738021,      -6.892738021,      -8.092738021,      -1.792738021
          0,           0,        2376,     -11.493523431,      -8.793523431,      -9.693523431,      -6.893523431,      -8.093523431,      -1.793523431
          0,           0,        2377,     -11.494307969,      -8.794307969,      -9.694307969,      -6.894307969,      -8.094307969,      -1.794307969
          0,           0,        2378,     -11.495091636,      -8.795091636,      -9.695091636,      -6.895091636,      -8.095091636,      -1.795091636
          0,           0,        2379,     -11.495874433,      -8.795874433,      -9.695874433,      -6.895874433,      -8.095874433,      -1.795874433
          0,           0,        2380,     -11.496656360,      -8.796656360,      -9.696656360,      -6.896656360,      -8.096656360,      -1.796656360
          0,           0,        2381,     -11.497437419,      -8.797437419,      -9.697437419,      -6.897437419,      -8.097437419,      -1.797437419
          0,           0,        2382,     -11.498217611,      -8.798217611,      -9.698217611,      -6.898217611,      -8.098217611,      -1.798217611
          0,           0,        2383,     -11.498996936,      -8.798996936,      -9.698996936,      -6.898996936,      -8.098996936,      -1.798996936
          0,           0,        2384,     -11.499775395,      -8.799775395,      -9.699775395,      -6.899775395,      -8.099775395,      -1.799775395
          0,           0,        2385,     -11.500552991,      -8.800552991,      -9.700552991,      -6.900552991,      -8.100552991,      -1.800552991
          0,           0,        2386,     -11.501329722,      -8.801329722,      -9.701329722,      -6.901329722,      -8.101329722,      -1.801329722
          0,           0,        2387,     -11.502105592,      -8.802105592,      -9.702105592,      -6.902105592,      -8.102105592,      -1.802105592
          0,           0,        2388,     -11.502880599,      -8.802880599,      -9.702880599,      -6.902880599,      -8.102880599,      -1.802880599
          0,           0,        2389,     -11.503654746,      -8.803654746,      -9.703654746,      -6.903654746,      -8.103654746,      -1.803654746
          0,           0,        2390,     -11.504428033,      -8.804428033,      -9.704428033,      -6.904428033,      -8.104428033,      -1.804428033
          0,           0,        2391,     -11.505200462,      -8.805200462,      -9.705200462,      -6.905200462,      -8.105200462,      -1.805200462
          0,           0,        2392,     -11.505972033,      -8.805972033,      -9.705972033,      -6.905972033,      -8.105972033,      -1.805972033
          0,           0,        2393,     -11.506742747,      -8.806742747,      -9.706742747,      -6.906742747,      -8.106742747,      -1.806742747
          0,           0,        2394,     -11.507512605,      -8.807512605,      -9.707512605,      -6.907512605,      -8.107512605,      -1.807512605
          0,           0,        2395,     -11.508281608,      -8.808281608,      -9.708281608,      -6.908281608,      -8.108281608,      -1.808281608
          0,           0,        2396,     -11.509049757,      -8.809049757,      -9.709049757,      -6.909049757,      -8.109049757,      -1.809049757
          0,           0,        2397,     -11.509817053,      -8.809817053,      -9.709817053,      -6.909817053,      -8.109817053,      -1.809817053
          0,           0,        2398,     -11.510583497,      -8.810583497,      -9.710583497,      -6.910583497,      -8.110583497,      -1.810583497
          0,           0,        2399,     -11.511349090,      -8.811349090,      -9.711349090,      -6.911349090,      -8.111349090,      -1.811349090
          0,           0,        2400,     -11.512113833,      -8.812113833,      -9.712113833,      -6.912113833,      -8.112113833,      -1.812113833
          0,           0,        2401,     -11.512877726,      -8.812877726,      -9.712877726,      -6.912877726,      -8.112877726,      -1.812877726
          0,           0,        2402,     -11.513640772,      -8.813640772,      -9.713640772,      -6.913640772,      -8.113640772,      -1.813640772
          0,           0,        2403,     -11.514402969,      -8.814402969,      -9.714402969,      -6.914402969,      -8.114402969,      -1.814402969
          0,           0,        2404,     -11.515164321,      -8.815164321,      -9.715164321,      -6.915164321,      -8.115164321,      -1.815164321
          0,           0,        2405,     -11.515924827,      -8.815924827,      -9.715924827,      -6.915924827,      -8.115924827,      -1.815924827
          0,           0,        2406,     -11.516684488,      -8.816684488,      -9.716684488,      -6.916684488,      -8.116684488,      -1.816684488
          0,           0,        2407,     -11.517443306,      -8.817443306,      -9.717443306,      -6.917443306,      -8.117443306,      -1.817443306
          0,           0,        2408,     -11.518201281,      -8.818201281,      -9.718201281,      -6.918201281,      -8.118201281,      -1.818201281
          0,           0,        2409,     -11.518958415,      -8.818958415,      -9.718958415,      -6.918958415,      -8.118958415,      -1.818958415
          0,           0,        2410,     -11.519714707,      -8.819714707,      -9.719714707,      -6.919714707,      -8.119714707,      -1.819714707
          0,           0,        2411,     -11.520470160,      -8.820470160,      -9.720470160,      -6.920470160,      -8.120470160,      -1.820470160
          0,           0,        2412,     -11.521224774,      -8.821224774,      -9.721224774,      -6.921224774,      -8.121224774,      -1.821224774
          0,           0,        2413,     -11.521978550,      -8.821978550,      -9.721978550,      -6.921978550,      -8.121978550,      -1.821978550
          0,           0,        2414,     -11.522731489,      -8.822731489,      -9.722731489,      -6.922731489,      -8.122731489,      -1.822731489
          0,           0,        2415,     -11.523483591,      -8.823483591,      -9.723483591,      -6.923483591,      -8.123483591,      -1.823483591
          0,           0,        2416,     -11.524234859,      -8.824234859,      -9.724234859,      -6.924234859,      -8.124234859,      -1.824234859
          0,           0,        2417,     -11.524985292,      -8.824985292,      -9.724985292,      -6.924985292,      -8.124985292,      -1.824985292
          0,           0,        2418,     -11.525734892,      -8.825734892,      -9.725734892,      -6.925734892,      -8.125734892,      -1.825734892
          0,           0,        2419,     -11.526483659,      -8.826483659,      -9.726483659,      -6.926483659,      -8.126483659,      -1.826483659
          0,           0,        2420,     -11.527231595,      -8.827231595,      -9.727231595,      -6.927231595,      -8.127231595,      -1.827231595
          0,           0,        2421,     -11.527978700,      -8.827978700,      -9.727978700,      -6.927978700,      -8.127978700,      -1.827978700
          0,           0,        2422,     -11.528724976,      -8.828724976,      -9.728724976,      -6.928724976,      -8.128724976,      -1.828724976
          0,           0,        2423,     -11.529470423,      -8.829470423,      -9.729470423,      -6.929470423,      -8.129470423,      -1.829470423
          0,           0,        2424,     -11.530215042,      -8.830215042,      -9.730215042,      -6.930215042,      -8.130215042,      -1.830215042
          0,           0,        2425,     -11.530958834,      -8.830958834,      -9.730958834,      -6.930958834,      -8.130958834,      -1.830958834
          0,           0,        2426,     -11.531701800,      -8.831701800,      -9.731701800,      -6.931701800,      -8.131701800,      -1.831701800
          0,           0,        2427,     -11.532443942,      -8.832443942,      -9.732443942,      -6.932443942,      -8.132443942,      -1.832443942
          0,           0,        2428,     -11.533185259,      -8.833185259,      -9.733185259,      -6.933185259,      -8.133185259,      -1.833185259
          0,           0,        2429,     -11.533925752,      -8.833925752,      -9.733925752,      -6.933925752,      -8.133925752,      -1.833925752
          0,           0,        2430,     -11.534665424,      -8.834665424,      -9.734665424,      -6.934665424,      -8.134665424,      -1.834665424
          0,           0,        2431,     -11.535404274,      -8.835404274,      -9.735404274,      -6.935404274,      -8.135404274,      -1.835404274
          0,           0,        2432,     -11.536142304,      -8.836142304,      -9.736142304,      -6.936142304,      -8.136142304,      -1.836142304
          0,           0,        2433,     -11.536879514,      -8.836879514,      -9.736879514,      -6.936879514,      -8.136879514,      -1.836879514
          0,           0,        2434,     -11.537615905,      -8.837615905,      -9.737615905,      -6.937615905,      -8.137615905,      -1.837615905
          0,           0,        2435,     -11.538351479,      -8.838351479,      -9.738351479,      -6.938351479,      -8.138351479,      -1.838351479
          0,           0,        2436,     -11.539086235,      -8.839086235,      -9.739086235,      -6.939086235,      -8.139086235,      -1.839086235
          0,           0,        2437,     -11.539820176,      -8.839820176,      -9.739820176,      -6.939820176,      -8.139820176,      -1.839820176
          0,           0,        2438,     -11.540553302,      -8.840553302,      -9.740553302,      -6.940553302,      -8.140553302,      -1.840553302
          0,           0,        2439,     -11.541285614,      -8.841285614,      -9.741285614,      -6.941285614,      -8.141285614,      -1.841285614
          0,           0,        2440,     -11.542017112,      -8.842017112,      -9.742017112,      -6.942017112,      -8.142017112,      -1.842017112
          0,           0,        2441,     -11.542747798,      -8.842747798,      -9.742747798,      -6.942747798,      -8.142747798,      -1.842747798
          0,           0,        2442,     -11.543477673,      -8.843477673,      -9.743477673,      -6.943477673,      -8.143477673,      -1.843477673
          0,           0,        2443,     -11.544206737,      -8.844206737,      -9.744206737,      -6.944206737,      -8.144206737,      -1.844206737
          0,           0,        2444,     -11.544934991,      -8.844934991,      -9.744934991,      -6.944934991,      -8.144934991,      -1.844934991
          0,           0,        2445,     -11.545662437,      -8.845662437,      -9.745662437,      -6.945662437,      -8.145662437,      -1.845662437
          0,           0,        2446,     -11.546389075,      -8.846389075,      -9.746389075,      -6.946389075,      -8.146389075,      -1.846389075
          0,           0,        2447,     -11.547114906,      -8.847114906,      -9.747114906,      -6.947114906,      -8.147114906,      -1.847114906
          0,           0,        2448,     -11.547839931,      -8.847839931,      -9.747839931,      -6.947839931,      -8.147839931,      -1.847839931
          0,           0,        2449,     -11.548564151,      -8.848564151,      -9.748564151,      -6.948564151,      -8.148564151,      -1.848564151
          0,           0,        2450,     -11.549287567,      -8.849287567,      -9.749287567,      -6.949287567,      -8.149287567,      -1.849287567
          0,           0,        2451,     -11.550010179,      -8.850010179,      -9.750010179,      -6.950010179,      -8.150010179,      -1.850010179
          0,           0,        2452,     -11.550731989,      -8.850731989,      -9.750731989,      -6.950731989,      -8.150731989,      -1.850731989
          0,           0,        2453,     -11.551452997,      -8.851452997,      -9.751452997,      -6.951452997,      -8.151452997,      -1.851452997
          0,           0,        2454,     -11.552173205,      -8.852173205,      -9.752173205,      -6.952173205,      -8.152173205,      -1.852173205
          0,           0,        2455,     -11.552892612,      -8.852892612,      -9.752892612,      -6.952892612,      -8.152892612,      -1.852892612
          0,           0,        2456,     -11.553611221,      -8.853611221,      -9.753611221,      -6.953611221,      -8.153611221,      -1.853611221
          0,           0,        2457,     -11.554329032,      -8.854329032,      -9.754329032,      -6.954329032,      -8.154329032,      -1.854329032
          0,           0,        2458,     -11.555046046,      -8.855046046,      -9.755046046,      -6.955046046,      -8.155046046,      -1.855046046
          0,           0,        2459,     -11.555762264,      -8.855762264,      -9.755762264,      -6.955762264,      -8.155762264,      -1.855762264
          0,           0,        2460,     -11.556477686,      -8.856477686,      -9.756477686,      -6.956477686,      -8.156477686,      -1.856477686
          0,           0,        2461,     -11.557192313,      -8.857192313,      -9.757192313,      -6.957192313,      -8.157192313,      -1.857192313
          0,           0,        2462,     -11.557906148,      -8.857906148,      -9.757906148,      -6.957906148,      -8.157906148,      -1.857906148
          0,           0,        2463,     -11.558619189,      -8.858619189,      -9.758619189,      -6.958619189,      -8.158619189,      -1.858619189
          0,           0,        2464,     -11.559331439,      -8.859331439,      -9.759331439,      -6.959331439,      -8.159331439,      -1.859331439
          0,           0,        2465,     -11.560042897,      -8.860042897,      -9.760042897,      -6.960042897,      -8.160042897,      -1.860042897
          0,           0,        2466,     -11.560753566,      -8.860753566,      -9.760753566,      -6.960753566,      -8.160753566,      -1.860753566
          0,           0,        2467,     -11.561463445,      -8.861463445,      -9.761463445,      -6.961463445,      -8.161463445,      -1.861463445
          0,           0,        2468,     -11.562172536,      -8.862172536,      -9.762172536,      -6.962172536,      -8.162172536,      -1.862172536
          0,           0,        2469,     -11.562880840,      -8.862880840,      -9.762880840,      -6.962880840,      -8.162880840,      -1.862880840
          0,           0,        2470,     -11.563588357,      -8.863588357,      -9.763588357,      -6.963588357,      -8.163588357,      -1.863588357
          0,           0,        2471,     -11.564295088,      -8.864295088,      -9.764295088,      -6.964295088,      -8.164295088,      -1.864295088
          0,           0,        2472,     -11.565001035,      -8.865001035,      -9.765001035,      -6.965001035,      -8.165001035,      -1.865001035
          0,           0,        2473,     -11.565706197,      -8.865706197,      -9.765706197,      -6.965706197,      -8.165706197,      -1.865706197
          0,           0,        2474,     -11.566410577,      -8.866410577,      -9.766410577,      -6.966410577,      -8.166410577,      -1.866410577
          0,           0,        2475,     -11.567114174,      -8.867114174,      -9.767114174,      -6.967114174,      -8.167114174,      -1.867114174
          0,           0,        2476,     -11.567816990,      -8.867816990,      -9.767816990,      -6.967816990,      -8.167816990,      -1.867816990
          0,           0,        2477,     -11.568519025,      -8.868519025,      -9.768519025,      -6.968519025,      -8.168519025,      -1.868519025
          0,           0,        2478,     -11.569220281,      -8.869220281,      -9.769220281,      -6.969220281,      -8.169220281,      -1.869220281
          0,           0,        2479,     -11.569920758,      -8.869920758,      -9.769920758,      -6.969920758,      -8.169920758,      -1.869920758
          0,           0,        2480,     -11.570620458,      -8.870620458,      -9.770620458,      -6.970620458,      -8.170620458,      -1.870620458
          0,           0,        2481,     -11.571319380,      -8.871319380,      -9.771319380,      -6.971319380,      -8.171319380,      -1.871319380
          0,           0,        2482,     -11.572017526,      -8.872017526,      -9.772017526,      -6.972017526,      -8.172017526,      -1.872017526
          0,           0,        2483,     -11.572714897,      -8.872714897,      -9.772714897,      -6.972714897,      -8.172714897,      -1.872714897
          0,           0,        2484,     -11.573411493,      -8.873411493,      -9.773411493,      -6.973411493,      -8.173411493,      -1.873411493
          0,           0,        2485,     -11.574107316,      -8.874107316,      -9.774107316,      -6.974107316,      -8.174107316,      -1.874107316
          0,           0,        2486,     -11.574802366,      -8.874802366,      -9.774802366,      -6.974802366,      -8.174802366,      -1.874802366
          0,           0,        2487,     -11.575496644,      -8.875496644,      -9.775496644,      -6.975496644,      -8.175496644,      -1.875496644
          0,           0,        2488,     -11.576190152,      -8.876190152,      -9.776190152,      -6.976190152,      -8.176190152,      -1.876190152
          0,           0,        2489,     -11.576882889,      -8.876882889,      -9.776882889,      -6.976882889,      -8.176882889,      -1.876882889
          0,           0,        2490,     -11.577574857,      -8.877574857,      -9.777574857,      -6.977574857,      -8.177574857,      -1.877574857
          0,           0,        2491,     -11.578266056,      -8.878266056,      -9.778266056,      -6.978266056,      -8.178266056,      -1.878266056
          0,           0,        2492,     -11.578956488,      -8.878956488,      -9.778956488,      -6.978956488,      -8.178956488,      -1.878956488
          0,           0,        2493,     -11.579646153,      -8.879646153,      -9.779646153,      -6.979646153,      -8.179646153,      -1.879646153
          0,           0,        2494,     -11.580335052,      -8.880335052,      -9.780335052,      -6.980335052,      -8.180335052,      -1.880335052
          0,           0,        2495,     -11.581023187,      -8.881023187,      -9.781023187,      -6.981023187,      -8.181023187,      -1.881023187
          0,           0,        2496,     -11.581710557,      -8.881710557,      -9.781710557,      -6.981710557,      -8.181710557,      -1.881710557
          0,           0,        2497,     -11.582397163,      -8.882397163,      -9.782397163,      -6.982397163,      -8.182397163,      -1.882397163
          0,           0,        2498,     -11.583083008,      -8.883083008,      -9.783083008,      -6.983083008,      -8.183083008,      -1.883083008
          0,           0,        2499,     -11.583768090,      -8.883768090,      -9.783768090,      -6.983768090,      -8.183768090,      -1.883768090
          0,           0,        2500,     -11.584452412,      -8.884452412,      -9.784452412,      -6.984452412,      -8.184452412,      -1.884452412
          0,           0,        2501,     -11.585135974,      -8.885135974,      -9.785135974,      -6.985135974,      -8.185135974,      -1.885135974
          0,           0,        2502,     -11.585818777,      -8.885818777,      -9.785818777,      -6.985818777,      -8.185818777,      -1.885818777
          0,           0,        2503,     -11.586500822,      -8.886500822,      -9.786500822,      -6.986500822,      -8.186500822,      -1.886500822
          0,           0,        2504,     -11.587182109,      -8.887182109,      -9.787182109,      -6.987182109,      -8.187182109,      -1.887182109
          0,           0,        2505,     -11.587862639,      -8.887862639,      -9.787862639,      -6.987862639,      -8.187862639,      -1.887862639
          0,           0,        2506,     -11.588542414,      -8.888542414,      -9.788542414,      -6.988542414,      -8.188542414,      -1.888542414
          0,           0,        2507,     -11.589221434,      -8.889221434,      -9.789221434,      -6.989221434,      -8.189221434,      -1.889221434
          0,           0,        2508,     -11.589899700,      -8.889899700,      -9.789899700,      -6.989899700,      -8.189899700,      -1.889899700
          0,           0,        2509,     -11.590577213,      -8.890577213,      -9.790577213,      -6.990577213,      -8.190577213,      -1.890577213
          0,           0,        2510,     -11.591253973,      -8.891253973,      -9.791253973,      -6.991253973,      -8.191253973,      -1.891253973
          0,           0,        2511,     -11.591929982,      -8.891929982,      -9.791929982,      -6.991929982,      -8.191929982,      -1.891929982
          0,           0,        2512,     -11.592605240,      -8.892605240,      -9.792605240,      -6.992605240,      -8.192605240,      -1.892605240
          0,           0,        2513,     -11.593279749,      -8.893279749,      -9.793279749,      -6.993279749,      -8.193279749,      -1.893279749
          0,           0,        2514,     -11.593953508,      -8.893953508,      -9.793953508,      -6.993953508,      -8.193953508,      -1.893953508
          0,           0,        2515,     -11.594626519,      -8.894626519,      -9.794626519,      -6.994626519,      -8.194626519,      -1.894626519
          0,           0,        2516,     -11.595298783,      -8.895298783,      -9.795298783,      -6.995298783,      -8.195298783,      -1.895298783
          0,           0,        2517,     -11.595970300,      -8.895970300,      -9.795970300,      -6.995970300,      -8.195970300,      -1.895970300
          0,           0,        2518,     -11.596641071,      -8.896641071,      -9.796641071,      -6.996641071,      -8.196641071,      -1.896641071
          0,           0,        2519,     -11.597311098,      -8.897311098,      -9.797311098,      -6.997311098,      -8.197311098,      -1.897311098
          0,           0,        2520,     -11.597980380,      -8.897980380,      -9.797980380,      -6.997980380,      -8.197980380,      -1.897980380
          0,           0,        2521,     -11.598648919,      -8.898648919,      -9.798648919,      -6.998648919,      -8.198648919,      -1.898648919
          0,           0,        2522,     -11.599316716,      -8.899316716,      -9.799316716,      -6.999316716,      -8.199316716,      -1.899316716
          0,           0,        2523,     -11.599983771,      -8.899983771,      -9.799983771,      -6.999983771,      -8.199983771,      -1.899983771
          0,           0,        2524,     -11.600650086,      -8.900650086,      -9.800650086,      -7.000650086,      -8.200650086,      -1.900650086
          0,           0,        2525,     -11.601315660,      -8.901315660,      -9.801315660,      -7.001315660,      -8.201315660,      -1.901315660
          0,           0,        2526,     -11.601980496,      -8.901980496,      -9.801980496,      -7.001980496,      -8.201980496,      -1.901980496
          0,           0,        2527,     -11.602644593,      -8.902644593,      -9.802644593,      -7.002644593,      -8.202644593,      -1.902644593
          0,           0,        2528,     -11.603307952,      -8.903307952,      -9.803307952,      -7.003307952,      -8.203307952,      -1.903307952
          0,           0,        2529,     -11.603970575,      -8.903970575,      -9.803970575,      -7.003970575,      -8.203970575,      -1.903970575
          0,           0,        2530,     -11.604632462,      -8.904632462,      -9.804632462,      -7.004632462,      -8.204632462,      -1.904632462
          0,           0,        2531,     -11.605293615,      -8.905293615,      -9.805293615,      -7.005293615,      -8.205293615,      -1.905293615
          0,           0,        2532,     -11.605954032,      -8.905954032,      -9.805954032,      -7.005954032,      -8.205954032,      -1.905954032
          0,           0,        2533,     -11.606613717,      -8.906613717,      -9.806613717,      -7.006613717,      -8.206613717,      -1.906613717
          0,           0,        2534,     -11.607272669,      -8.907272669,      -9.807272669,      -7.007272669,      -8.207272669,      -1.907272669
          0,           0,        2535,     -11.607930889,      -8.907930889,      -9.807930889,      -7.007930889,      -8.207930889,      -1.907930889
          0,           0,        2536,     -11.608588378,      -8.908588378,      -9.808588378,      -7.008588378,      -8.208588378,      -1.908588378
          0,           0,        2537,     -11.609245137,      -8.909245137,      -9.809245137,      -7.009245137,      -8.209245137,      -1.909245137
          0,           0,        2538,     -11.609901167,      -8.909901167,      -9.809901167,      -7.009901167,      -8.209901167,      -1.909901167
          0,           0,        2539,     -11.610556468,      -8.910556468,      -9.810556468,      -7.010556468,      -8.210556468,      -1.910556468
          0,           0,        2540,     -11.611211042,      -8.911211042,      -9.811211042,      -7.011211042,      -8.211211042,      -1.911211042
          0,           0,        2541,     -11.611864889,      -8.911864889,      -9.811864889,      -7.011864889,      -8.211864889,      -1.911864889
          0,           0,        2542,     -11.612518009,      -8.912518009,      -9.812518009,      -7.012518009,      -8.212518009,      -1.912518009
          0,           0,        2543,     -11.613170404,      -8.913170404,      -9.813170404,      -7.013170404,      -8.213170404,      -1.913170404
          0,           0,        2544,     -11.613822075,      -8.913822075,      -9.813822075,      -7.013822075,      -8.213822075,      -1.913822075
          0,           0,        2545,     -11.614473022,      -8.914473022,      -9.814473022,      -7.014473022,      -8.214473022,      -1.914473022
          0,           0,        2546,     -11.615123247,      -8.915123247,      -9.815123247,      -7.015123247,      -8.215123247,      -1.915123247
          0,           0,        2547,     -11.615772749,      -8.915772749,      -9.815772749,      -7.015772749,      -8.215772749,      -1.915772749
          0,           0,        2548,     -11.616421530,      -8.916421530,      -9.816421530,      -7.016421530,      -8.216421530,      -1.916421530
          0,           0,        2549,     -11.617069590,      -8.917069590,      -9.817069590,      -7.017069590,      -8.217069590,      -1.917069590
          0,           0,        2550,     -11.617716931,      -8.917716931,      -9.817716931,      -7.017716931,      -8.217716931,      -1.917716931
          0,           0,        2551,     -11.618363553,      -8.918363553,      -9.818363553,      -7.018363553,      -8.218363553,      -1.918363553
          0,           0,        2552,     -11.619009456,      -8.919009456,      -9.819009456,      -7.019009456,      -8.219009456,      -1.919009456
          0,           0,        2553,     -11.619654643,      -8.919654643,      -9.819654643,      -7.019654643,      -8.219654643,      -1.919654643
          0,           0,        2554,     -11.620299113,      -8.920299113,      -9.820299113,      -7.020299113,      -8.220299113,      -1.920299113
          0,           0,        2555,     -11.620942867,      -8.920942867,      -9.820942867,      -7.020942867,      -8.220942867,      -1.920942867
          0,           0,        2556,     -11.621585907,      -8.921585907,      -9.821585907,      -7.021585907,      -8.221585907,      -1.921585907
          0,           0,        2557,     -11.622228232,      -8.922228232,      -9.822228232,      -7.022228232,      -8.222228232,      -1.922228232
          0,           0,        2558,     -11.622869844,      -8.922869844,      -9.822869844,      -7.022869844,      -8.222869844,      -1.922869844
          0,           0,        2559,     -11.623510744,      -8.923510744,      -9.823510744,      -7.023510744,      -8.223510744,      -1.923510744
          0,           0,        2560,     -11.624150932,      -8.924150932,      -9.824150932,      -7.024150932,      -8.224150932,      -1.924150932
          0,           0,        2561,     -11.624790409,      -8.924790409,      -9.824790409,      -7.024790409,      -8.224790409,      -1.924790409
          0,           0,        2562,     -11.625429176,      -8.925429176,      -9.825429176,      -7.025429176,      -8.225429176,      -1.925429176
          0,           0,        2563,     -11.626067233,      -8.926067233,      -9.826067233,      -7.026067233,      -8.226067233,      -1.926067233
          0,           0,        2564,     -11.626704582,      -8.926704582,      -9.826704582,      -7.026704582,      -8.226704582,      -1.926704582
          0,           0,        2565,     -11.627341223,      -8.927341223,      -9.827341223,      -7.027341223,      -8.227341223,      -1.927341223
          0,           0,        2566,     -11.627977158,      -8.927977158,      -9.827977158,      -7.027977158,      -8.227977158,      -1.927977158
          0,           0,        2567,     -11.628612385,      -8.928612385,      -9.828612385,      -7.028612385,      -8.228612385,      -1.928612385
          0,           0,        2568,     -11.629246908,      -8.929246908,      -9.829246908,      -7.029246908,      -8.229246908,      -1.929246908
          0,           0,        2569,     -11.629880726,      -8.929880726,      -9.829880726,      -7.029880726,      -8.229880726,      -1.929880726
          0,           0,        2570,     -11.630513840,      -8.930513840,      -9.830513840,      -7.030513840,      -8.230513840,      -1.930513840
          0,           0,        2571,     -11.631146251,      -8.931146251,      -9.831146251,      -7.031146251,      -8.231146251,      -1.931146251
          0,           0,        2572,     -11.631777960,      -8.931777960,      -9.831777960,      -7.031777960,      -8.231777960,      -1.931777960
          0,           0,        2573,     -11.632408967,      -8.932408967,      -9.832408967,      -7.032408967,      -8.232408967,      -1.932408967
          0,           0,        2574,     -11.633039273,      -8.933039273,      -9.833039273,      -7.033039273,      -8.233039273,      -1.933039273
          0,           0,        2575,     -11.633668880,      -8.933668880,      -9.833668880,      -7.033668880,      -8.233668880,      -1.933668880
          0,           0,        2576,     -11.634297787,      -8.934297787,      -9.834297787,      -7.034297787,      -8.234297787,      -1.934297787
          0,           0,        2577,     -11.634925996,      -8.934925996,      -9.834925996,      -7.034925996,      -8.234925996,      -1.934925996
          0,           0,        2578,     -11.635553507,      -8.935553507,      -9.835553507,      -7.035553507,      -8.235553507,      -1.935553507
          0,           0,        2579,     -11.636180322,      -8.936180322,      -9.836180322,      -7.036180322,      -8.236180322,      -1.936180322
          0,           0,        2580,     -11.636806440,      -8.936806440,      -9.836806440,      -7.036806440,      -8.236806440,      -1.936806440
          0,           0,        2581,     -11.637431863,      -8.937431863,      -9.837431863,      -7.037431863,      -8.237431863,      -1.937431863
          0,           0,        2582,     -11.638056592,      -8.938056592,      -9.838056592,      -7.038056592,      -8.238056592,      -1.938056592
          0,           0,        2583,     -11.638680627,      -8.938680627,      -9.838680627,      -7.038680627,      -8.238680627,      -1.938680627
          0,           0,        2584,     -11.639303969,      -8.939303969,      -9.839303969,      -7.039303969,      -8.239303969,      -1.939303969
          0,           0,        2585,     -11.639926618,      -8.939926618,      -9.839926618,      -7.039926618,      -8.239926618,      -1.939926618
          0,           0,        2586,     -11.640548576,      -8.940548576,      -9.840548576,      -7.040548576,      -8.240548576,      -1.940548576
          0,           0,        2587,     -11.641169844,      -8.941169844,      -9.841169844,      -7.041169844,      -8.241169844,      -1.941169844
          0,           0,        2588,     -11.641790422,      -8.941790422,      -9.841790422,      -7.041790422,      -8.241790422,      -1.941790422
          0,           0,        2589,     -11.642410310,      -8.942410310,      -9.842410310,      -7.042410310,      -8.242410310,      -1.942410310
          0,           0,        2590,     -11.643029510,      -8.943029510,      -9.843029510,      -7.043029510,      -8.243029510,      -1.943029510
          0,           0,        2591,     -11.643648022,      -8.943648022,      -9.843648022,      -7.043648022,      -8.243648022,      -1.943648022
          0,           0,        2592,     -11.644265848,      -8.944265848,      -9.844265848,      -7.044265848,      -8.244265848,      -1.944265848
          0,           0,        2593,     -11.644882987,      -8.944882987,      -9.844882987,      -7.044882987,      -8.244882987,      -1.944882987
          0,           0,        2594,     -11.645499442,      -8.945499442,      -9.845499442,      -7.045499442,      -8.245499442,      -1.945499442
          0,           0,        2595,     -11.646115211,      -8.946115211,      -9.846115211,      -7.046115211,      -8.246115211,      -1.946115211
          0,           0,        2596,     -11.646730297,      -8.946730297,      -9.846730297,      -7.046730297,      -8.246730297,      -1.946730297
          0,           0,        2597,     -11.647344700,      -8.947344700,      -9.847344700,      -7.047344700,      -8.247344700,      -1.947344700
          0,           0,        2598,     -11.647958420,      -8.947958420,      -9.847958420,      -7.047958420,      -8.247958420,      -1.947958420
          0,           0,        2599,     -11.648571459,      -8.948571459,      -9.848571459,      -7.048571459,      -8.248571459,      -1.948571459
